<?xml version="1.0" encoding="UTF-8" standalone="yes"?>
<addon id="plugin.video.zattooHiQ-19" version="1.0.1.8" name="Zattoo HiQ-19" provider-name="Steffen Rolapp">
  <requires>
    <import addon="xbmc.python" version="3.0.0"/>
    <import addon="xbmc.addon" version="18.9.701" />
    <import addon="inputstream.adaptive" />
    <import addon="script.module.tzlocal" />
  </requires>
  <extension point="xbmc.python.pluginsource" library="plugin.py">
    <provides>video</provides>
  </extension>
  <extension point="xbmc.service" library="start.py"/>

  <extension point="xbmc.addon.metadata">
    <summary lang="en">Play Live TV and recorded shows from Zattoo.</summary>
    <summary lang="de">Zattoo Live TV, Aufnahmen und EPG</summary>
    <description lang="en">ZattooHiQ-19 is Zattoo-HiQ for Kodi-19 Matrix

Play Live TV and recorded shows from Zattoo.
- switch between favourites/all channels
- channels preview
- EPG: live/setup recording/recall (for paying Zattoo customers)
- search shows
- teletext
- settings: stream quality, default language
- touchscreen support
    </description>
    <description lang="de">ZattooHiQ-19 ist Zattoo-HiQ for Kodi-19 Matrix

Zattoo Live TV, Aufnahmen und EPG
- wechsel zwischen Favoriten/Allen Kanälen
- Kanalvorschau
- EPG: Live/Aufnahmen programieren/Recall (mit Zattoo Abo)
- Sendungen suchen
- Teletext
- Einstellungen: Stream Qulität, Standart Sprache (Zweikanalton)
- Touchscreen Unterstützung
    </description>
   <platform>all</platform>
    <language></language>
    <news>
- Change Code to Kodi Guidelines

    </news>
    <forum>https://www.kodinerds.net/index.php/Thread/68785-ZattooHiQ-19/?postID=573693#post573693</forum>
    <license>GNU GENERAL PUBLIC LICENSEVersion 3, 29 June 2007</license>
    <source>https://github.com/rolapp/plugin.video.zattooHiQ-19</source>
    <email>kodi@rolapp.de</email>
    <disclaimer lang="en">Check http://www.zattoo.com for availability in your country.</disclaimer>
    <disclaimer lang="de">Überprüfe ob http://www.zattoo.com in Deinem Land verfügbar ist.</disclaimer>
    <assets>
        <icon>resources/icon.png</icon>
        <fanart>resources/fanart.jpg</fanart>
    </assets>
  </extension>
</addon>
