<?xml version="1.0" encoding="UTF-8" standalone="yes"?>
<addon id="plugin.video.galileo" name="Galileo" version="0.2.2" provider-name="dh4rry">
    <requires>
        <import addon="xbmc.python" version="2.1.0"/>
        <import addon="script.module.requests" version="2.12.4"/>
        <import addon="script.module.beautifulsoup4" version="4.3.2"/>
    </requires>
    <extension point="xbmc.python.pluginsource" library="default.py">
        <provides>video</provides>
    </extension>LiveTv
  <extension point="xbmc.addon.metadata">
		<summary lang="en">Galileo</summary>
		<summary lang="de">Galileo</summary>
		<description lang="en">Galileo</description>
		<description lang="de">Galileo</description>
		<disclaimer lang="en"></disclaimer>
    <website></website>
    <license>GNU GENERAL PUBLIC LICENSE. Version 2, June 1991</license>
    <forum></forum>
    <platform>all</platform>
  </extension>
</addon>
