<?xml version="1.0" encoding="UTF-8" standalone="yes"?>
<addon id="plugin.video.mediathekdirekt" name="Mediathek Direkt" version="0.0.14" provider-name="P_Aeh">
  <requires>
    <import addon="xbmc.python" version="2.25.0"/>
    <import addon="script.module.requests" version="2.9.1"/>
  </requires>
  <extension point="xbmc.python.pluginsource" library="addon.py">
    <provides>video</provides>
  </extension>
  <extension point="xbmc.addon.metadata">
    <summary lang="en_gb">Access to the Media Library of german speaking TV channels: 3sat, ARD, Arte, BR, DW, HR, KIKA, MDR, NDR, ORF, Phoenix, RBB, SR, SRF, SWR, WDR and ZDF.</summary>
    <description lang="en_gb">Access to the Media Library of german speaking TV channels: 3sat, ARD, Arte, BR, DW, HR, KIKA, MDR, NDR, ORF, Phoenix, RBB, SR, SRF, SWR and ZDF.</description>
    <disclaimer lang="en_gb">This addon may not work in every country.</disclaimer>
    <summary lang="de_de">Zugriff auf die Mediathek von 3sat, ARD, Arte, BR, DW, HR, KIKA, MDR, NDR, ORF, Phoenix, RBB, SR, SRF, SWR, WDR und ZDF.</summary>
    <description lang="de_de">Mit Mediathek Direkt können Sie sich die Inhalte der Online-Mediatheken verschiedener Sender (3sat, ARD, Arte, BR, DW, HR, KIKA, MDR, NDR, ORF, Phoenix, RBB, SR, SRF, SWR, WDR, ZDF) ansehen.</description>
    <disclaimer lang="de_de">This addon may not work in every country.</disclaimer>
    <language></language>
    <platform>all</platform>
    <license></license>
    <forum>https://www.kodinerds.net/index.php/Thread/53682-RELEASE-Mediathek-Direkt/</forum>
    <website>mediathekdirekt.de</website>
    <email></email>
    <source>https://github.com/dojomo/plugin.video.mediathekdirekt</source>
    <news></news>
  </extension>
</addon>