<?xml version="1.0" encoding="UTF-8"?>
<includes>
    <include name="custom_setting_button_property">
        <width>578</width>
        <height>38</height>
        <align>left</align>
        <font>bebas19</font>
        <textwidth>450</textwidth>
        <textcolor>grey</textcolor>
        <focusedcolor>black</focusedcolor>
        <texturenofocus>-</texturenofocus>
        <texturefocus>WhiteBack.png</texturefocus>
    </include>
    <include name="custom_settings_rightpanel">
        <control type="group">
            <animation effect="slide" start="0" end="-592" time="400" condition="ControlGroup(732).HasFocus">Conditional</animation>
            <animation effect="fade" start="100" end="0" time="200" delay="150" condition="!ControlGroup(732).HasFocus">Conditional</animation>
            <left>592</left>
            <top>0</top>
            <control type="group">
                <control type="image">
                    <left>1342</left>
                    <top>-15</top>
                    <width>585</width>
                    <height>1110</height>
                    <colordiffuse>$VAR[BackgroundOverlayColorDialog]</colordiffuse>
                    <texture border="5" flipx="true">SidePanel.png</texture>
                </control>
                <control type="image">
                    <description>SidePanel</description>
                    <left>1328</left>
                    <top>-8</top>
                    <width>15</width>
                    <height>1113</height>
                    <colordiffuse>fanartdiffuse</colordiffuse>
                    <texture flipx="true">SideFade.png</texture>
                </control>
                <control type="image">
                    <left>1342</left>
                    <top>-150</top>
                    <width>2</width>
                    <height>1350</height>
                    <texture>Separator3.png</texture>
                </control>
                <control type="image">
                    <left>1317</left>
                    <top>552</top>
                    <width>18</width>
                    <height>36</height>
                    <texture flipy="true">ArrowBig.png</texture>
                </control>
                <control type="image">
                    <include>openclosevisible</include>
                    <left>1371</left>
                    <top>68</top>
                    <width>18</width>
                    <height>36</height>
                    <texture>ArrowBig.png</texture>
                    <animation effect="rotate" start="0" end="-90" center="auto" time="0" condition="true">Conditional</animation>
                </control>
                <control type="image">
                    <include>openclosevisible</include>
                    <left>1371</left>
                    <top>1035</top>
                    <width>18</width>
                    <height>36</height>
                    <texture flipy="true">ArrowBig.png</texture>
                    <animation effect="rotate" start="0" end="90" center="auto" time="0" condition="true">Conditional</animation>
                </control>
            </control>
            <control type="grouplist" id="732">
                <left>1346</left>
                <top>105</top>
                <width>578</width>
                <height>928</height>
                <onup>732</onup>
                <ondown>732</ondown>
                <onleft>50</onleft>
                <onright>noop</onright>
                <itemgap>3</itemgap>
                <align>left</align>
                <orientation>vertical</orientation>
                <control type="image" id="1700">
                    <!-- Videos -->
                    <width>578</width>
                    <height>3</height>
                    <colordiffuse>fanartdiffuse</colordiffuse>
                    <texture border="1">Separator1.png</texture>
                    <visible>Window.IsVisible(videos)+![Container.Content(episodes)|Container.Content(tvshows)|Container.Content(seasons)]</visible>
                </control>
                <control type="label" id="1701">
                    <width>578</width>
                    <height>33</height>
                    <align>center</align>
                    <textcolor>white</textcolor>
                    <label>20342</label>
                    <font>bebas19</font>
                    <visible>Window.IsVisible(videos)+![Container.Content(episodes)|Container.Content(tvshows)|Container.Content(seasons)]</visible>
                </control>
                <control type="label" id="1702">
                    <width>592</width>
                    <height>8</height>
                    <label>-</label>
                    <visible>Window.IsVisible(videos)+![Container.Content(episodes)|Container.Content(tvshows)|Container.Content(seasons)]</visible>
                </control>
                <control type="radiobutton" id="1704">
                    <description>OriginalTitle</description>
                    <include>custom_setting_button_property</include>
                    <label>20376</label>
                    <onclick>Skin.ToggleSetting(OriginalTitle)</onclick>
                    <onclick>Container.Refresh</onclick>
                    <selected>Skin.HasSetting(OriginalTitle)</selected>
                    <visible>Window.IsVisible(videos)+![Container.Content(episodes)|Container.Content(tvshows)|Container.Content(seasons)]</visible>
                </control>
                <control type="radiobutton" id="1706">
                    <description>Video Extra Art</description>
                    <include>custom_setting_button_property</include>
                    <label>$LOCALIZE[20342] Extra Art</label>
                    <onclick>Skin.ToggleSetting(video_art)</onclick>
                    <onclick condition="!Skin.HasSetting(Clearart)">Skin.ToggleSetting(Clearart)</onclick>
                    <onclick condition="!Skin.HasSetting(Clearlogo)">Skin.ToggleSetting(Clearlogo)</onclick>
                    <onclick condition="!Skin.HasSetting(Landscape)">Skin.ToggleSetting(Landscape)</onclick>
                    <selected>Skin.HasSetting(video_art)</selected>
                    <enable>System.HasAddon(script.artwork.downloader)</enable>
                    <visible>Window.IsVisible(videos)+![Container.Content(episodes)|Container.Content(tvshows)|Container.Content(seasons)]</visible>
                </control>
                <control type="label" id="1730">
                    <!-- TVShow -->
                    <width>592</width>
                    <height>8</height>
                    <label>-</label>
                    <visible>Container.Content(episodes)|Container.Content(tvshows)|Container.Content(seasons)</visible>
                </control>
                <control type="image" id="1731">
                    <width>578</width>
                    <height>3</height>
                    <colordiffuse>fanartdiffuse</colordiffuse>
                    <texture border="1">Separator1.png</texture>
                    <visible>Container.Content(episodes)|Container.Content(tvshows)|Container.Content(seasons)</visible>
                </control>
                <control type="label" id="1732">
                    <width>578</width>
                    <height>33</height>
                    <align>center</align>
                    <textcolor>white</textcolor>
                    <label>20343</label>
                    <font>bebas19</font>
                    <visible>Container.Content(episodes)|Container.Content(tvshows)|Container.Content(seasons)</visible>
                </control>
                <control type="radiobutton" id="1734">
                    <description>TVShow Extra Art</description>
                    <include>custom_setting_button_property</include>
                    <label>$LOCALIZE[20343] Extra Art</label>
                    <onclick>Skin.ToggleSetting(tvshow_art)</onclick>
                    <onclick condition="!Skin.HasSetting(TVShowClearart)">Skin.ToggleSetting(TVShowClearart)</onclick>
                    <onclick condition="!Skin.HasSetting(TVShowCharacterart)">Skin.ToggleSetting(TVShowCharacterart)</onclick>
                    <onclick condition="!Skin.HasSetting(TVShowClearlogo)">Skin.ToggleSetting(TVShowClearlogo)</onclick>
                    <onclick condition="!Skin.HasSetting(TVShowLandscape)">Skin.ToggleSetting(TVShowLandscape)</onclick>
                    <selected>Skin.HasSetting(tvshow_art)</selected>
                    <enable>System.HasAddon(script.artwork.downloader)</enable>
                    <visible>Container.Content(episodes)|Container.Content(tvshows)|Container.Content(seasons)</visible>
                </control>
                <control type="label" id="1750">
                    <!-- Music -->
                    <width>592</width>
                    <height>8</height>
                    <label>-</label>
                    <visible>!Control.IsVisible(513)+!Control.IsVisible(512)+!Control.IsVisible(506)</visible>
                    <visible>Window.IsVisible(music)|Window.IsVisible(MusicPlaylist)</visible>
                </control>
                <control type="image" id="1751">
                    <width>578</width>
                    <height>3</height>
                    <colordiffuse>fanartdiffuse</colordiffuse>
                    <texture border="1">Separator1.png</texture>
                    <visible>!Control.IsVisible(513)+!Control.IsVisible(512)+!Control.IsVisible(506)</visible>
                    <visible>Window.IsVisible(music)|Window.IsVisible(MusicPlaylist)</visible>
                </control>
                <control type="label" id="1752">
                    <width>578</width>
                    <height>33</height>
                    <align>center</align>
                    <textcolor>white</textcolor>
                    <label>2</label>
                    <font>bebas19</font>
                    <visible>!Control.IsVisible(513)+!Control.IsVisible(512)+!Control.IsVisible(506)</visible>
                    <visible>Window.IsVisible(music)|Window.IsVisible(MusicPlaylist)</visible>
                </control>
                <control type="label" id="1753">
                    <width>592</width>
                    <height>8</height>
                    <label>-</label>
                    <visible>!Control.IsVisible(513)+!Control.IsVisible(512)+!Control.IsVisible(506)</visible>
                    <visible>Window.IsVisible(music)|Window.IsVisible(MusicPlaylist)</visible>
                </control>
                <control type="radiobutton" id="1754">
                    <include>custom_setting_button_property</include>
                    <label>$LOCALIZE[2] Extra Art</label>
                    <onclick>Skin.ToggleSetting(music_art)</onclick>
                    <onclick condition="String.IsEmpty(Skin.String(Music_Folder_Path))+!Skin.HasSetting(music_art)">Skin.SetPath(Music_Folder_Path)</onclick>
                    <selected>Skin.HasSetting(music_art)</selected>
                    <visible>!Control.IsVisible(513)+!Control.IsVisible(512)+!Control.IsVisible(506)</visible>
                    <visible>Window.IsVisible(music)|Window.IsVisible(MusicPlaylist)</visible>
                </control>
                <control type="radiobutton" id="1756">
                    <description>extendedinfo music</description>
                    <include>custom_setting_button_property</include>
                    <label>51186</label>
                    <onclick>Skin.ToggleSetting(extendedinfo_music)</onclick>
                    <onclick condition="!Skin.HasSetting(extendedinfo_music)">Runscript(script.skin.info.service,backend=true)</onclick>
                    <selected>Skin.HasSetting(extendedinfo_music)</selected>
                    <visible>System.HasAddon(script.skin.info.service)</visible>
                    <visible>Control.IsVisible(58)|Control.IsVisible(741)|Control.IsVisible(562)|Control.IsVisible(515)|Control.IsVisible(509)</visible>
                    <visible>Container.Content(artists)</visible>
                </control>
                <control type="label" id="1770">
                    <!-- General -->
                    <width>592</width>
                    <height>8</height>
                    <label>-</label>
                </control>
                <control type="image" id="1771">
                    <width>578</width>
                    <height>3</height>
                    <colordiffuse>fanartdiffuse</colordiffuse>
                    <texture border="1">Separator1.png</texture>
                </control>
                <control type="label" id="1772">
                    <width>578</width>
                    <height>33</height>
                    <align>center</align>
                    <textcolor>white</textcolor>
                    <label>128</label>
                    <font>bebas19</font>
                </control>
                <control type="label" id="1773">
                    <width>592</width>
                    <height>8</height>
                    <label>-</label>
                </control>
                <control type="button" id="1778">
                    <description>FSK</description>
                    <include>custom_setting_button_property</include>
                    <label>51192</label>
                    <label2>$VAR[rated_language]</label2>
					<onclick>Skin.SelectBool(51300, 51511|rated_de, 51513|rated_us, 51515|rated_uk, 51517|rated_fr)</onclick>
                    <!-- <enable>Skin.HasSetting(fsk)|Skin.HasSetting(fsk_original)|Skin.HasSetting(fsk_dual)</enable> -->
                    <visible>Window.IsVisible(videos)</visible>
                </control>
                <!-- <control type="radiobutton" id="1780">
                    <description>Label Flagging</description>
                    <include>custom_setting_button_property</include>
                    <label>51194</label>
                    <onclick>Skin.ToggleSetting(Label_Flagging)</onclick>
                    <selected>Skin.HasSetting(Label_Flagging)</selected>
                </control> -->
                <control type="radiobutton" id="1782">
                    <description>Fanart</description>
                    <include>custom_setting_button_property</include>
                    <label>$LOCALIZE[33068] $LOCALIZE[20445]</label>
                    <onclick>Skin.ToggleSetting(fanart)</onclick>
                    <selected>Skin.HasSetting(fanart)</selected>
                </control>
                <control type="button" id="1784">
                    <description>fanartdiffuse</description>
                    <include>custom_setting_button_property</include>
                    <label>51196</label>
                    <label2>$VAR[BackgroundDimLabel]</label2>
					<onclick>Skin.SelectBool(51196, 51402|background_dim_1, 51404|background_dim_2, 51406|background_dim_3, 594|background_dim_no)</onclick>
                </control>
                <control type="radiobutton" id="1786">
                    <description>Common Page Count</description>
                    <include>custom_setting_button_property</include>
                    <label>51198</label>
                    <onclick>Skin.ToggleSetting(CommonPageCount)</onclick>
                    <selected>Skin.HasSetting(CommonPageCount)</selected>
                </control>
                <control type="button" id="1788">
                    <ondown>1700</ondown>
                    <include>custom_setting_button_property</include>
                    <textwidth>450</textwidth>
                    <label>$LOCALIZE[33068]-$LOCALIZE[131]</label>
                    <onclick>Control.SetFocus(666)</onclick>
                    <visible>!Control.IsVisible(562)+!Control.IsVisible(740)+!Control.IsVisible(741)+!Control.IsVisible(551)+!Control.IsVisible(516)+!Control.IsVisible(514)+!Control.IsVisible(500)</visible>
                    <visible>!ListItem.IsParentFolder</visible>
                </control>
                <control type="label" id="1800">
                    <!-- View Settings -->
                    <width>592</width>
                    <height>8</height>
                    <label>-</label>
                    <visible>Control.IsVisible(444)</visible>
                </control>
                <control type="image" id="1801">
                    <width>578</width>
                    <height>3</height>
                    <colordiffuse>fanartdiffuse</colordiffuse>
                    <texture border="1">Separator1.png</texture>
                    <visible>Control.IsVisible(444)</visible>
                </control>
                <control type="label" id="1802">
                    <width>578</width>
                    <height>33</height>
                    <align>center</align>
                    <textcolor>white</textcolor>
                    <label>14018</label>
                    <font>bebas19</font>
                    <visible>Control.IsVisible(444)</visible>
                </control>
                <control type="radiobutton" id="1804">
                    <description>Cases</description>
                    <include>custom_setting_button_property</include>
                    <label>51200</label>
                    <onclick>Skin.ToggleSetting(hideMovieCases)</onclick>
                    <selected>!Skin.HasSetting(hideMovieCases)</selected>
                    <visible>Control.IsVisible(742)|Control.IsVisible(740)|Control.IsVisible(721)|[Control.IsVisible(541)+!Container.Content(episodes)]
					|Control.IsVisible(562)|Control.IsVisible(515)|Control.IsVisible(503)|Control.IsVisible(57)</visible>
                    <visible>Window.IsVisible(videos)|Container.Content(Seasons)|Container.Content(tvshows)</visible>
                </control>
                <control type="radiobutton" id="1806">
                    <include>custom_setting_button_property</include>
                    <label>$LOCALIZE[16101] $LOCALIZE[20453]</label>
                    <onclick>Skin.ToggleSetting(unwatchedicon)</onclick>
                    <selected>Skin.HasSetting(unwatchedicon)</selected>
                    <visible>Control.IsVisible(515)|Control.IsVisible(57)</visible>
                    <visible>Container.Content(tvshows)|Container.Content(seasons)</visible>
                </control>
                <control type="radiobutton" id="1807">
                    <include>custom_setting_button_property</include>
                    <label>$LOCALIZE[51205]</label>
                    <onclick>Skin.ToggleSetting(logo_cover)</onclick>
                    <selected>Skin.HasSetting(logo_cover)</selected>
                    <visible>Control.IsVisible(500)</visible>
                    <visible>Container.Content(movies)|Container.Content(sets)|Container.Content(tvshows)|Container.Content(seasons)|Container.Content(episodes)</visible>
                </control>
                <control type="radiobutton" id="1808">
                    <include>custom_setting_button_property</include>
                    <label>51202</label>
                    <onclick>Skin.ToggleSetting(Episode_HideCover)</onclick>
                    <selected>Skin.HasSetting(Episode_HideCover)</selected>
                    <visible>Control.IsVisible(515)</visible>
                    <visible>Window.IsVisible(videos)</visible>
                </control>
                <control type="radiobutton" id="1809">
                    <description>Dust Effect</description>
                    <include>custom_setting_button_property</include>
                    <label>51210</label>
                    <onclick>Skin.ToggleSetting(dust)</onclick>
                    <selected>Skin.HasSetting(dust)</selected>
                    <visible>[Control.IsVisible(541)+!Container.Content(episodes)]|Control.IsVisible(562)
					|Control.IsVisible(742)|Control.IsVisible(740)</visible>
                    <enable>!Skin.HasSetting(hideMovieCases)</enable>
                    <visible>Window.IsVisible(videos)</visible>
                </control>
                <control type="button" id="1810">
                    <include>custom_setting_button_property</include>
                    <label>$LOCALIZE[22080] Extra Art (Liste)</label>
                    <label2>$VAR[EpisodeArt]</label2>
                    <onclick condition="!Skin.HasSetting(episodelogo)+!Skin.HasSetting(episodebanner)">Skin.SetBool(episodebanner)</onclick>
                    <onclick condition="Skin.HasSetting(episodebanner)">Skin.SetBool(episodelogo)</onclick>
                    <onclick condition="Skin.HasSetting(episodebanner)">Skin.Reset(episodebanner)</onclick>
                    <onclick condition="Skin.HasSetting(episodelogo)">Skin.Reset(episodelogo)</onclick>
                    <visible>Control.IsVisible(515)</visible>
                    <visible>!Container.Content(episodes)+[Container.Content(Movies)|Container.Content(TVShows)|Container.Content(seasons)]</visible>
                </control>
                <control type="radiobutton" id="1812">
                    <include>custom_setting_button_property</include>
                    <label>51204</label>
                    <onclick>Skin.ToggleSetting(Fanart_ClearlogoTitle)</onclick>
                    <selected>Skin.HasSetting(Fanart_ClearlogoTitle)</selected>
                    <visible>Control.IsVisible(401)</visible>
                    <enable>[Skin.HasSetting(tvshow_art)+[Container.Content(tvshows)|Container.Content(episodes)|Container.Content(seasons)]]
					|[Skin.HasSetting(video_art)+Container.Content(Movies)]</enable>
                </control>
                <control type="radiobutton" id="1814">
                    <include>custom_setting_button_property</include>
                    <label>51206</label>
                    <onclick>Skin.ToggleSetting(VideoInfo)</onclick>
                    <selected>Skin.HasSetting(VideoInfo)</selected>
                    <visible>Control.IsVisible(401)</visible>
                </control>
                <control type="radiobutton" id="1815">
                    <include>custom_setting_button_property</include>
                    <label>51206</label>
                    <onclick>Skin.ToggleSetting(EpisodeInfo)</onclick>
                    <selected>Skin.HasSetting(EpisodeInfo)</selected>
                    <visible>Control.IsVisible(402)</visible>
                </control>
                <control type="radiobutton" id="1816">
                    <description>Plot</description>
                    <include>custom_setting_button_property</include>
                    <label>207</label>
                    <onclick>Skin.ToggleSetting(RightListPlot)</onclick>
                    <selected>Skin.HasSetting(RightListPlot)</selected>
                    <visible>Control.IsVisible(721)|Control.IsVisible(541)</visible>
                </control>
                <control type="radiobutton" id="1818">
                    <description>Wall Cover Animation</description>
                    <include>custom_setting_button_property</include>
                    <label>51208</label>
                    <onclick>Skin.ToggleSetting(HideOverlayIconNew)</onclick>
                    <selected>Skin.HasSetting(HideOverlayIconNew)</selected>
                    <visible>Control.IsVisible(742)|Control.IsVisible(740)|Control.IsVisible(562)|Control.IsVisible(541)|Control.IsVisible(402)|Control.IsVisible(505)
					|Control.IsVisible(401)|Control.IsVisible(500)|Control.IsVisible(302)|Control.IsVisible(57)</visible>
                    <visible>Window.IsVisible(videos)</visible>
                </control>
                <control type="radiobutton" id="1822">
                    <description>Cover except Fanart</description>
                    <include>custom_setting_button_property</include>
                    <label>Cover statt Fanart</label>
                    <onclick>Skin.ToggleSetting(ShowCover)</onclick>
                    <selected>Skin.HasSetting(ShowCover)</selected>
                    <visible>Control.IsVisible(302)+Window.IsVisible(videos)</visible>
                </control>
                <control type="radiobutton" id="1824">
                    <description>hideInfoPanel</description>
                    <include>custom_setting_button_property</include>
                    <label>51206</label>
                    <onclick>Skin.ToggleSetting(hideInfoPanel)</onclick>
                    <selected>!Skin.HasSetting(hideInfoPanel)</selected>
                    <visible>Control.IsVisible(742)|Control.IsVisible(740)</visible>
                </control>
                <!-- generel -->
                <control type="radiobutton" id="1826">
                    <description>Wall Cover Animation</description>
                    <include>custom_setting_button_property</include>
                    <label>51216</label>
                    <onclick>Skin.ToggleSetting(no_wall_animation)</onclick>
                    <selected>Skin.HasSetting(no_wall_animation)</selected>
                    <visible>Control.IsVisible(741)|Control.IsVisible(742)|Control.IsVisible(740)|Control.IsVisible(562)</visible>
                </control>
                <control type="radiobutton" id="1828">
                    <description>Cover Dim</description>
                    <include>custom_setting_button_property</include>
                    <label>51218</label>
                    <onclick>Skin.ToggleSetting(CoverDim)</onclick>
                    <selected>Skin.HasSetting(CoverDim)</selected>
                    <visible>Control.IsVisible(741)|Control.IsVisible(740)|Control.IsVisible(742)|Control.IsVisible(562)|Control.IsVisible(541)
					|Control.IsVisible(509)|Control.IsVisible(505)|Control.IsVisible(401)|Control.IsVisible(302)|Control.IsVisible(500)</visible>
                </control>
                <!-- music -->
                <control type="radiobutton" id="1830">
                    <include>custom_setting_button_property</include>
                    <label>51206</label>
                    <onclick>Skin.ToggleSetting(MusicInfo)</onclick>
                    <selected>Skin.HasSetting(MusicInfo)</selected>
                    <visible>Control.IsVisible(509)</visible>
                </control>
                <control type="radiobutton" id="1832">
                    <include>custom_setting_button_property</include>
                    <label>51200</label>
                    <onclick>Skin.ToggleSetting(hideMusicCases)</onclick>
                    <selected>!Skin.HasSetting(hideMusicCases)</selected>
                    <visible>Control.IsVisible(741)|Control.IsVisible(58)</visible>
                </control>
                <control type="radiobutton" id="1834">
                    <include>custom_setting_button_property</include>
                    <label>51206</label>
                    <onclick>Skin.ToggleSetting(InfoWall)</onclick>
                    <selected>Skin.HasSetting(InfoWall)</selected>
                    <visible>Control.IsVisible(741)</visible>
                </control>
            </control>
        </control>
    </include>
</includes>
