<?xml version="1.0" encoding="UTF-8"?>
<includes>
    <include name="MovieSetInformationCover">
        <control type="list" id="2000">
            <!-- extended info list -->
            <visible>ListItem.IsCollection</visible>
            <left>0</left>
            <top>0</top>
            <width>1740</width>
            <height>315</height>
            <!-- <onup>Action(EndPage)</onup>
			<ondown>Action(LastPage)</ondown> -->
            <onfocus condition="Control.IsVisible(503)">503</onfocus>
            <onup condition="Control.IsVisible(401)">9000</onup>
            <onup condition="Control.IsVisible(541)">9000</onup>
            <onup condition="Control.IsVisible(503)">9000</onup>
            <onup condition="Control.IsVisible(721)">721</onup>
            <onup condition="Control.IsVisible(562)">562</onup>
            <onup condition="Control.IsVisible(500)">500</onup>
            <onup condition="Control.IsVisible(515)">515</onup>
            <ondown condition="Control.IsVisible(17000)+Control.IsVisible(562)">17000</ondown>
            <ondown condition="Control.IsVisible(721)">721</ondown>
            <ondown condition="Control.IsVisible(503)">503</ondown>
            <ondown condition="Control.IsVisible(401)">401</ondown>
            <ondown condition="Control.IsVisible(541)">541</ondown>
            <onleft condition="![Control.IsVisible(503)|Control.IsVisible(515)|Control.IsVisible(721)|Control.IsVisible(742)|Control.IsVisible(740)]">2000</onleft>
            <onleft condition="Control.IsVisible(503)|Control.IsVisible(515)|Control.IsVisible(721)|Control.IsVisible(742)|Control.IsVisible(740)">9000</onleft>
            <onright>2000</onright>
            <focusposition>0</focusposition>
            <scrolltime tween="cubic" easing="in">400</scrolltime>
            <orientation>horizontal</orientation>
            <itemgap>0</itemgap>
            <preloaditems>4</preloaditems>
            <autoscroll time="3000" delay="5000" repeat="5000">!Control.HasFocus(2000)+Integer.IsGreater(Container(2000).NumItems,8)</autoscroll>
            <animation effect="slide" end="135" condition="String.IsEqual(Container(2000).NumItems,7)+![Control.IsVisible(503)|Control.IsVisible(515)|Control.IsVisible(721)|Control.IsVisible(742)|Control.IsVisible(740)]">Conditional</animation>
            <animation effect="slide" end="270" condition="String.IsEqual(Container(2000).NumItems,6)+![Control.IsVisible(503)|Control.IsVisible(515)|Control.IsVisible(721)|Control.IsVisible(742)|Control.IsVisible(740)]">Conditional</animation>
            <animation effect="slide" end="360" condition="String.IsEqual(Container(2000).NumItems,5)+![Control.IsVisible(503)|Control.IsVisible(515)|Control.IsVisible(721)|Control.IsVisible(742)|Control.IsVisible(740)]">Conditional</animation>
            <animation effect="slide" end="465" condition="String.IsEqual(Container(2000).NumItems,4)+![Control.IsVisible(503)|Control.IsVisible(515)|Control.IsVisible(721)|Control.IsVisible(742)|Control.IsVisible(740)]">Conditional</animation>
            <animation effect="slide" end="578" condition="String.IsEqual(Container(2000).NumItems,3)+![Control.IsVisible(503)|Control.IsVisible(515)|Control.IsVisible(721)|Control.IsVisible(742)|Control.IsVisible(740)]">Conditional</animation>
            <animation effect="slide" end="682" condition="String.IsEqual(Container(2000).NumItems,2)+![Control.IsVisible(503)|Control.IsVisible(515)|Control.IsVisible(721)|Control.IsVisible(742)|Control.IsVisible(740)]">Conditional</animation>
            <animation effect="slide" end="870" condition="String.IsEqual(Container(2000).NumItems,1)+![Control.IsVisible(503)|Control.IsVisible(515)|Control.IsVisible(721)|Control.IsVisible(742)|Control.IsVisible(740)]">Conditional</animation>
            <itemlayout width="218" height="315" condition="![Control.IsVisible(503)|Control.IsVisible(515)|Control.IsVisible(721)|Control.IsVisible(742)|Control.IsVisible(740)]">
                <control type="image">
                    <width>210</width>
                    <height>315</height>
                    <aspectratio>stretch</aspectratio>
                    <colordiffuse>grey2</colordiffuse>
                    <texture diffuse="masks/mask.png">$INFO[ListItem.Icon]</texture>
                    <visible>Control.HasFocus(2000)</visible>
                </control>
                <control type="image">
                    <width>210</width>
                    <height>315</height>
                    <aspectratio>stretch</aspectratio>
                    <texture diffuse="masks/mask.png">$INFO[ListItem.Icon]</texture>
                    <visible>!Control.HasFocus(2000)</visible>
                </control>
                <control type="image">
                    <width>210</width>
                    <height>315</height>
                    <colordiffuse>menudiffuse</colordiffuse>
                    <texture diffuse="masks/mask.png">Shadow.png</texture>
                </control>
                <control type="image">
                    <left>128</left>
                    <top>232</top>
                    <width>82</width>
                    <height>158</height>
                    <aspectratio align="left">scale</aspectratio>
                    <texture diffuse="masks/cdart_mask.png">$INFO[ListItem.Art(discart)]</texture>
                </control>
                <control type="image">
                    <left>0</left>
                    <top>0</top>
                    <width>210</width>
                    <height>315</height>
                    <aspectratio>keep</aspectratio>
                    <texture>$INFO[ListItem.Art(TVShowClearart)]</texture>
                </control>
                <control type="image">
                    <width>210</width>
                    <height>315</height>
                    <aspectratio>stretch</aspectratio>
                    <texture>masks/Default.png</texture>
                </control>
                <control type="label">
                    <left>15</left>
                    <top>280</top>
                    <width>195</width>
                    <height>30</height>
                    <font>ubuntu-r13b</font>
                    <label>$INFO[ListItem.Year]</label>
                </control>
            </itemlayout>
            <focusedlayout width="218" height="315" condition="![Control.IsVisible(503)|Control.IsVisible(515)|Control.IsVisible(721)|Control.IsVisible(742)|Control.IsVisible(740)]">
                <control type="group">
                    <include>focuseffect</include>
                    <control type="image">
                        <width>210</width>
                        <height>315</height>
                        <aspectratio>stretch</aspectratio>
                        <texture diffuse="masks/mask.png">$INFO[ListItem.Icon]</texture>
                        <visible>Control.HasFocus(2000)|Control.HasFocus(888)</visible>
                    </control>
                    <control type="image">
                        <width>210</width>
                        <height>315</height>
                        <aspectratio>stretch</aspectratio>
                        <colordiffuse>grey1</colordiffuse>
                        <texture diffuse="masks/mask.png">$INFO[ListItem.Icon]</texture>
                        <visible>![Control.HasFocus(2000)|Control.HasFocus(888)]</visible>
                    </control>
                    <control type="image">
                        <width>210</width>
                        <height>315</height>
                        <colordiffuse>menudiffuse</colordiffuse>
                        <texture>Shadow.png</texture>
                    </control>
                    <control type="image">
                        <left>128</left>
                        <top>232</top>
                        <width>82</width>
                        <height>158</height>
                        <aspectratio align="left">scale</aspectratio>
                        <texture diffuse="masks/cdart_mask.png">$INFO[ListItem.Art(discart)]</texture>
                    </control>
                    <control type="image">
                        <left>0</left>
                        <top>0</top>
                        <width>210</width>
                        <height>315</height>
                        <aspectratio>keep</aspectratio>
                        <texture>$INFO[ListItem.Art(TVShowClearart)]</texture>
                    </control>
                    <control type="image">
                        <width>210</width>
                        <height>315</height>
                        <aspectratio>stretch</aspectratio>
                        <texture diffuse="masks/mask.png">masks/Default.png</texture>
                    </control>
                    <control type="label">
                        <left>15</left>
                        <top>280</top>
                        <width>60</width>
                        <height>30</height>
                        <font>ubuntu-r13b</font>
                        <label>$INFO[ListItem.Year]</label>
                    </control>
                </control>
            </focusedlayout>
            <itemlayout width="135" height="210" condition="Control.IsVisible(503)|Control.IsVisible(515)|Control.IsVisible(721)|Control.IsVisible(742)|Control.IsVisible(740)">
                <control type="image">
                    <left>0</left>
                    <top>0</top>
                    <width>195</width>
                    <height>195</height>
                    <aspectratio>keep</aspectratio>
                    <colordiffuse>grey2</colordiffuse>
                    <texture diffuse="masks/cdart_mask.png" fallback="WhiteBack.png">$INFO[ListItem.Art(discart)]</texture>
                    <visible>Control.HasFocus(2000)</visible>
                </control>
                <control type="image">
                    <left>0</left>
                    <top>0</top>
                    <width>195</width>
                    <height>195</height>
                    <aspectratio>keep</aspectratio>
                    <texture diffuse="masks/cdart_mask.png" fallback="WhiteBack.png">$INFO[ListItem.Art(discart)]</texture>
                    <visible>!Control.HasFocus(2000)</visible>
                </control>
                <control type="image">
                    <width>195</width>
                    <height>195</height>
                    <colordiffuse>menudiffuse</colordiffuse>
                    <texture diffuse="masks/cdart_mask.png">Shadow.png</texture>
                </control>
                <control type="label">
                    <left>0</left>
                    <top>158</top>
                    <width>195</width>
                    <height>30</height>
                    <align>center</align>
                    <font>ubuntu-r13b</font>
                    <label>$INFO[ListItem.Year]</label>
                </control>
            </itemlayout>
            <focusedlayout width="135" height="210" condition="Control.IsVisible(503)|Control.IsVisible(515)|Control.IsVisible(721)|Control.IsVisible(742)|Control.IsVisible(740)">
                <control type="image">
                    <left>0</left>
                    <top>0</top>
                    <width>195</width>
                    <height>195</height>
                    <aspectratio>keep</aspectratio>
                    <texture diffuse="masks/cdart_mask.png" fallback="WhiteBack.png">$INFO[ListItem.Art(discart)]</texture>
                </control>
                <control type="image">
                    <width>195</width>
                    <height>195</height>
                    <colordiffuse>menudiffuse</colordiffuse>
                    <texture diffuse="masks/cdart_mask.png">Shadow.png</texture>
                </control>
                <control type="label">
                    <left>0</left>
                    <top>158</top>
                    <width>195</width>
                    <height>30</height>
                    <align>center</align>
                    <font>ubuntu-r13b</font>
                    <label>$INFO[ListItem.Year]</label>
                </control>
            </focusedlayout>
            <content target="videos" sortby="year">$INFO[ListItem.FolderPath]</content>
        </control>
    </include>
</includes>
