<?xml version="1.0" encoding="utf-8"?>
<includes>
    <include name="Fanart_Episode">
        <include>openclose</include>
        <control type="group">
            <control type="button" id="444">
                <enable>false</enable>
                <include>HiddenButton</include>
                <visible>Control.IsVisible(402)+!Control.HasFocus(666)</visible>
            </control>
            <visible>Control.IsVisible(402)+!Control.HasFocus(666)</visible>
            <control type="group">
                <include>openclosevisible</include>
                <visible>Skin.HasSetting(EpisodeInfo)|Control.HasFocus(888)</visible>
                <include>BlackGrunge</include>
            </control>
            <control type="group">
                <include>opencloseslideup</include>
                <include>MirrorPanel</include>
            </control>
            <control type="button" id="888">
                <onup>Control.SetFocus(9000)</onup>
                <ondown>Control.SetFocus(402)</ondown>
                <include>HiddenButton</include>
            </control>
            <control type="image" id="9898">
                <left>1552</left>
                <top>75</top>
                <width>345</width>
                <height>105</height>
                <aspectratio>keep</aspectratio>
                <texture>$VAR[MovieStudioLogoVar]$INFO[ListItem.Studio,,.png]</texture>
                <visible>!IsEmpyt(Control.GetLabel(9898))</visible>
                <include>openclosevisible</include>
            </control>
        </control>
        <control type="group">
            <visible>Control.IsVisible(402)+!Control.HasFocus(666)</visible>
            <include>opencloseslideup</include>
            <left>0</left>
            <top>690</top>
            <control type="group">
                <left>1905</left>
                <top>-15</top>
                <include>opencloseslideup</include>
                <visible>Skin.HasSetting(CommonPageCount)</visible>
                <control type="label">
                    <description>Page Count Label</description>
                    <left>780r</left>
                    <top>0</top>
                    <width>750</width>
                    <height>30</height>
                    <font>font16</font>
                    <textcolor>grey</textcolor>
                    <scroll>false</scroll>
                    <align>right</align>
                    <aligny>center</aligny>
                    <label>$INFO[Container.NumItems,([COLOR=selected],[/COLOR]) $LOCALIZE[31025]]$INFO[Container.CurrentPage, - $LOCALIZE[31024] ([COLOR=selected]]$INFO[Container.NumPages,/,[/COLOR])]</label>
                </control>
            </control>
            <control type="fixedlist" id="402">
                <left>-82</left>
                <top>0</top>
                <width>2025</width>
                <height>375</height>
                <onleft>402</onleft>
                <onright>402</onright>
                <onup condition="!Skin.HasSetting(EpisodeInfo)+!ListItem.IsParentFolder">888</onup>
                <onup condition="Skin.HasSetting(EpisodeInfo)|ListItem.IsParentFolder">9000</onup>
                <ondown condition="[Skin.HasSetting(HideJumpSMSBar)|Container.Content(episodes)|Container.Content(seasons)]+Control.IsVisible(60)">60</ondown>
                <ondown condition="[Skin.HasSetting(HideJumpSMSBar)|Container.Content(episodes)|Container.Content(seasons)]+!Control.IsVisible(60)">SetFocus(732)</ondown>
                <ondown condition="!Skin.HasSetting(HideJumpSMSBar)+!Container.Content(episodes)+!Container.Content(seasons)">17000</ondown>
                <viewtype label="31029">fixed</viewtype>
                <pagecontrol>60</pagecontrol>
                <scrolltime>200</scrolltime>
                <focusposition>2</focusposition>
                <movement>1</movement>
                <orientation>horizontal</orientation>
                <preloaditems>4</preloaditems>
                <visible>Container.Content(Episodes)</visible>
                <itemlayout height="300" width="412">
                    <control type="image">
                        <left>6</left>
                        <top>33</top>
                        <width>403</width>
                        <height>233</height>
                        <aspectratio>stretch</aspectratio>
                        <colordiffuse>$VAR[CoverDim]</colordiffuse>
                        <texture diffuse="masks/mask.png" fallback="FallbackCover.png">$INFO[ListItem.Icon]</texture>
                        <bordertexture border="10">ThumbShadow.png</bordertexture>
                        <bordersize>6</bordersize>
                        <visible>!ListItem.IsParentFolder</visible>
                    </control>
                    <control type="group">
                        <left>12</left>
                        <top>39</top>
                        <include>Amazon_Flagg_Small</include>
                    </control>
                    <control type="group">
                        <left>12</left>
                        <top>39</top>
                        <include>WatchedIcon_Small</include>
                    </control>
                    <control type="image">
                        <left>10</left>
                        <top>39</top>
                        <width>394</width>
                        <height>222</height>
                        <colordiffuse>$VAR[CoverDim]</colordiffuse>
                        <texture>masks/Default.png</texture>
                        <visible>Skin.HasSetting(animation)</visible>
                        <visible>!ListItem.IsParentFolder</visible>
                    </control>
                    <control type="image">
                        <left>12</left>
                        <top>267</top>
                        <width>392</width>
                        <height>90</height>
                        <aspectratio>stretch</aspectratio>
                        <colordiffuse>grey2</colordiffuse>
                        <texture flipy="true" diffuse="ShadowWhite.png" fallback="FallbackCover.png">$INFO[ListItem.Icon]</texture>
                        <visible>!ListItem.IsParentFolder</visible>
                    </control>
                    <control type="image">
                        <left>3</left>
                        <top>30</top>
                        <width>410</width>
                        <height>240</height>
                        <aspectratio>keep</aspectratio>
                        <colordiffuse>$VAR[CoverDim]</colordiffuse>
                        <texture>$INFO[ListItem.Icon]</texture>
                        <include>openclosevisible</include>
                        <visible>ListItem.IsParentFolder</visible>
                    </control>
                </itemlayout>
                <focusedlayout height="465" width="412">
                    <control type="group">
                        <animation type="Focus" reversible="false">
                            <effect type="zoom" center="auto" start="100" end="130" time="200" />
                        </animation>
                        <animation type="UnFocus" reversible="false">
                            <effect type="zoom" center="auto" start="130" end="100" time="200" />
                        </animation>
                        <control type="image">
							<left>6</left>
							<top>33</top>
							<width>403</width>
							<height>233</height>
                            <aspectratio>scale</aspectratio>
                            <texture diffuse="masks/mask.png" fallback="FallbackCover.png">$INFO[ListItem.Icon]</texture>
                            <bordertexture border="10">ThumbShadowWhite.png</bordertexture>
                            <bordersize>7</bordersize>
                            <visible>!ListItem.IsParentFolder</visible>
                        </control>
                        <control type="group">
                            <left>12</left>
                            <top>39</top>
                            <include>Amazon_Flagg_Small_Focus</include>
                        </control>
                        <control type="group">
                            <left>12</left>
                            <top>39</top>
                            <include>WatchedIcon_Focus_Small</include>
                        </control>
                        <control type="image">
                            <left>12</left>
                            <top>39</top>
                            <width>390</width>
                            <height>220</height>
                            <texture>masks/Default.png</texture>
                            <visible>Skin.HasSetting(animation)</visible>
                            <visible>!ListItem.IsParentFolder</visible>
                        </control>
                        <control type="image">
                            <left>3</left>
                            <top>30</top>
                            <width>410</width>
                            <height>240</height>
                            <aspectratio>keep</aspectratio>
                            <texture>$INFO[ListItem.Icon]</texture>
                            <bordertexture border="10">ThumbShadowWhite.png</bordertexture>
                            <include>openclosevisible</include>
                            <visible>ListItem.IsParentFolder</visible>
                        </control>
                    </control>
                </focusedlayout>
            </control>
        </control>
        <control type="group">
            <visible>Control.IsVisible(402)+!Control.HasFocus(666)</visible>
            <include>opencloseslideup</include>
            <control type="group">
                <top>22</top>
                <include>opencloseslideup</include>
                <control type="image">
                    <left>-15</left>
                    <top>996</top>
                    <width>1950</width>
                    <height>15</height>
                    <colordiffuse>fanartdiffuse</colordiffuse>
                    <texture border="2" flipy="true">Shadow.png</texture>
                </control>
                <control type="image">
                    <visible>Control.IsVisible(402)</visible>
                    <left>-15</left>
                    <top>996</top>
                    <width>1950</width>
                    <height>1</height>
                    <colordiffuse>menudiffuse</colordiffuse>
                    <texture>Separator2.png</texture>
                </control>
                <control type="label">
                    <left>60</left>
                    <top>960</top>
                    <width>1800</width>
                    <height>30</height>
                    <scroll>true</scroll>
                    <align>center</align>
                    <aligny>center</aligny>
                    <font>impacted31</font>
                    <label>$VAR[OriginalTitle]</label>
                </control>
            </control>
            <control type="scrollbar" id="60">
                <animation effect="slide" start="0,-75" end="0,0" time="150" condition="!Control.HasFocus(60)">Conditional</animation>
                <left>15</left>
                <top>1132</top>
                <width>1890</width>
                <height>18</height>
                <texturesliderbackground border="1">ScrollBarBackground_H.png</texturesliderbackground>
                <texturesliderbar border="3">ScrollBar_H.png</texturesliderbar>
                <texturesliderbarfocus colordiffuse="red" border="3">ScrollBar_H.png</texturesliderbarfocus>
                <textureslidernib>-</textureslidernib>
                <textureslidernibfocus>-</textureslidernibfocus>
                <onup>402</onup>
                <ondown>SetFocus(732)</ondown>
                <showonepage>false</showonepage>
                <orientation>horizontal</orientation>
            </control>
            <control type="group">
                <top>-22</top>
                <visible>Control.IsVisible(402)+[Skin.HasSetting(EpisodeInfo)|Control.HasFocus(888)]</visible>
                <visible>!ListItem.IsParentFolder</visible>
                <include>openclosevisible</include>
                <control type="group">
                    <left>30</left>
                    <top>60</top>
					<control type="grouplist">
						<left>8</left>
						<top>30</top>
						<width>1140</width>
						<height>45</height>
						<itemgap>12</itemgap>
						<align>left</align>
						<orientation>horizontal</orientation>
						<include>FlagVideo</include>
						<include>FlagVideoAudioStream1</include>
						<include>FlagVideoAudioStream2</include>
						<include>FlagVideoSubtitles</include>
					</control>
                    <control type="label">
                        <left>15</left>
                        <top>112</top>
                        <width>1500</width>
                        <height>30</height>
                        <font>impacted31</font>
                        <textcolor>grey</textcolor>
                        <scroll>true</scroll>
                        <label>$VAR[OriginalTitle] $INFO[ListItem.Year,(,)]</label>
                    </control>
                    <control type="group">
                        <control type="image">
                            <left>-15</left>
                            <top>174</top>
                            <width>1890</width>
                            <height>420</height>
                            <texture>BlackBack.png</texture>
                        </control>
                        <control type="image">
                            <description>Separator</description>
                            <left>-15</left>
                            <top>82</top>
                            <width>1500</width>
                            <height>3</height>
                            <colordiffuse>fanartdiffuse</colordiffuse>
                            <texture border="1">Separator1.png</texture>
                        </control>
                        <control type="image">
                            <description>Separator</description>
                            <left>-15</left>
                            <top>172</top>
                            <width>1890</width>
                            <height>3</height>
                            <colordiffuse>fanartdiffuse</colordiffuse>
                            <texture border="1">Separator1.png</texture>
                        </control>
                    </control>
                </control>
                <control type="image">
                    <description>Separator</description>
                    <left>1269</left>
                    <top>258</top>
                    <width>3</width>
                    <height>375</height>
                    <colordiffuse>fanartdiffuse</colordiffuse>
                    <texture border="1">Separator4.png</texture>
                </control>
                <control type="image">
                    <description>Separator</description>
                    <left>15</left>
                    <top>652</top>
                    <width>1890</width>
                    <height>3</height>
                    <colordiffuse>fanartdiffuse</colordiffuse>
                    <texture border="1">Separator1.png</texture>
                </control>
                <control type="textbox">
                    <description>Description</description>
                    <left>30</left>
                    <top>240</top>
                    <width>1170</width>
                    <height>378</height>
                    <shadowcolor>black</shadowcolor>
                    <include condition="!Skin.HasSetting(BigPlotText)">PlotText16Var</include>
                    <include condition="Skin.HasSetting(BigPlotText)">PlotTextBigVar</include>
                    <label>$INFO[ListItem.Plot]</label>
                    <visible>!String.IsEmpty(ListItem.Plot)</visible>
                </control>
                <control type="group">
                    <left>1305</left>
                    <top>255</top>
                    <control type="grouplist">
                        <width>555</width>
                        <height>450</height>
                        <aligny>top</aligny>
                        <control type="label">
                            <width>555</width>
                            <height>30</height>
                            <font>font16</font>
                            <label>[COLOR=grey]$LOCALIZE[2050]: [/COLOR]$INFO[ListItem.Duration] $LOCALIZE[12391] $INFO[ListItem.PercentPlayed,/ , % $LOCALIZE[576]]</label>
                        </control>
                        <control type="label">
                            <width>555</width>
                            <height>30</height>
                            <font>font16</font>
                            <label>[COLOR=grey]$LOCALIZE[515]: [/COLOR]$INFO[ListItem.Genre]</label>
                            <visible>!String.IsEmpty(ListItem.Genre)</visible>
                        </control>
                        <control type="label">
                            <width>555</width>
                            <height>30</height>
                            <font>font16</font>
                            <label>[COLOR=grey]$LOCALIZE[572]: [/COLOR]$INFO[ListItem.Studio]</label>
                        </control>
                        <control type="label">
                            <width>555</width>
                            <height>30</height>
                            <font>font16</font>
                            <label>[COLOR=grey]$LOCALIZE[563]: [/COLOR]$INFO[ListItem.RatingAndVotes]</label>
                        </control>
                        <control type="label">
                            <width>555</width>
                            <height>30</height>
                            <font>font16</font>
                            <label>[COLOR=grey]$LOCALIZE[20074]: [/COLOR]$INFO[ListItem.mpaa]</label>
                        </control>
                        <control type="label">
                            <width>555</width>
                            <height>30</height>
                            <font>font16</font>
                            <label>[COLOR=grey]$LOCALIZE[568]: [/COLOR]$INFO[ListItem.LastPlayed]</label>
                            <visible>!String.IsEmpty(ListItem.LastPlayed)</visible>
                        </control>
                    </control>
                    <control type="group">
                        <left>0</left>
                        <top>240</top>
                        <control type="label">
                            <left>0</left>
                            <top>0</top>
                            <width>555</width>
                            <height>60</height>
                            <align>left</align>
                            <textcolor>grey</textcolor>
                            <font>menufontimpacted</font>
                            <label>$INFO[ListItem.Season,$LOCALIZE[20373] ,]</label>
                        </control>
                        <control type="label">
                            <left>8</left>
                            <top>60</top>
                            <width>555</width>
                            <height>60</height>
                            <align>left</align>
                            <font>menufontimpacted</font>
                            <shadowcolor>grey3</shadowcolor>
                            <label>$INFO[ListItem.Episode,$LOCALIZE[20452] ,]</label>
                        </control>
                    </control>
                </control>
            </control>
        </control>
        <control type="group">
            <visible>Control.IsVisible(402)+!Control.HasFocus(666)</visible>
            <include condition="!Skin.HasSetting(HideJumpSMSBar)">AlphaBarH</include>
        </control>
    </include>
</includes>
