<?xml version="1.0"?>
<addon id="repository.kodinerds" name="Kodinerds Addon Repo" version="7.0.0" provider-name="Kodinerds">
    <requires>
        <import addon="xbmc.addon" version="12.0.0"/>
    </requires>
    <extension point="xbmc.addon.repository" name="Kodinerds Addon Repo">
        <dir>
            <info compressed="true">https://repo.kodinerds.net/repo/addons/addons.xml</info>
            <checksum>https://repo.kodinerds.net/repo/addons/addons.xml.md5</checksum>
            <datadir zip="true">https://repo.kodinerds.net/repo/addons</datadir>
        </dir>
        <dir minversion="18.9.0">
            <info compressed="true">https://repo.kodinerds.net/repo/addons/matrix/addons.xml</info>
            <checksum>https://repo.kodinerds.net/repo/addons/matrix/addons.xml.md5</checksum>
            <datadir zip="true">https://repo.kodinerds.net/repo/addons/matrix/zip/</datadir>
        </dir>
        <dir minversion="17.9.0">
            <info compressed="true">https://repo.kodinerds.net/repo/addons/leia/addons.xml</info>
            <checksum>https://repo.kodinerds.net/repo/addons/leia/addons.xml.md5</checksum>
            <datadir zip="true">https://repo.kodinerds.net/repo/addons/leia/zip/</datadir>
        </dir>
        <dir minversion="16.9.0">
            <info compressed="true">https://repo.kodinerds.net/repo/addons/krypton/addons.xml</info>
            <checksum>https://repo.kodinerds.net/repo/addons/krypton/addons.xml.md5</checksum>
            <datadir zip="true">https://repo.kodinerds.net/repo/addons/krypton/zip/</datadir>
        </dir>
        <dir minversion="15.9.0">
            <info compressed="true">https://repo.kodinerds.net/repo/addons/jarvis/addons.xml</info>
            <checksum>https://repo.kodinerds.net/repo/addons/jarvis/addons.xml.md5</checksum>
            <datadir zip="true">https://repo.kodinerds.net/repo/addons/jarvis/zip/</datadir>
        </dir>
        <dir minversion="14.9.0">
            <info compressed="true">https://repo.kodinerds.net/repo/addons/isengard/addons.xml</info>
            <checksum>https://repo.kodinerds.net/repo/addons/isengard/addons.xml.md5</checksum>
            <datadir zip="true">https://repo.kodinerds.net/repo/addons/isengard/zip/</datadir>
        </dir>
        <dir minversion="13.9.0">
            <info compressed="true">https://repo.kodinerds.net/repo/addons/helix/addons.xml</info>
            <checksum>https://repo.kodinerds.net/repo/addons/helix/addons.xml.md5</checksum>
            <datadir zip="true">https://repo.kodinerds.net/repo/addons/helix/zip/</datadir>
        </dir>
        <dir minversion="12.9.0">
            <info compressed="true">https://repo.kodinerds.net/repo/addons/gotham/addons.xml</info>
            <checksum>https://repo.kodinerds.net/repo/addons/gotham/addons.xml.md5</checksum>
            <datadir zip="true">https://repo.kodinerds.net/repo/addons/gotham/zip/</datadir>
        </dir>
    </extension>
    <extension point="xbmc.addon.metadata">
        <summary lang="en">Addon repository of the Kodinerds Community</summary>
        <description lang="en">The 'Nerdsrepo' is the Repository of the german Kodi Community 'Kodinerds' (www.kodinerds.net). Most of the hosted Addons here are active developed and supported by the members of the Community. Nerdsrepo is an unofficial Repository of the Kodi Media Center Software</description>
        <summary lang="de">Addon Repository der Kodinerds Community</summary>
        <description lang="de">Das 'Nerdsrepo' ist das Addon Repository der deutschen Kodi-Community 'Kodinerds' (www.kodinerds.net). Die meisten der hier im Nerdsrepo gehosteten Addons werden von den Mitgliedern der Community aktiv entwickelt und unterstützt. Das Nerdsrepo ist ein unoffizielles Repository der Kodi Media Center Software.</description>
        <disclaimer/>
        <platform>all</platform>
        <assets>
            <icon>icon.png</icon>
            <fanart>fanart.jpg</fanart>
        </assets>
    </extension>
</addon>
