<?xml version="1.0" encoding="utf-8" standalone="yes"?>
<addon id="plugin.audio.soundcloud" name="SoundCloud" version="2.0.7" provider-name="bromix">
	<requires>
		<import addon="xbmc.python" version="2.14.0"/>
	</requires>
	<extension point="xbmc.python.pluginsource" library="addon.py">
		<provides>audio</provides>
	</extension>
	<extension point="xbmc.addon.metadata">
		<summary lang="de">Soundcloud ist ein Online-Audio-Vertriebsplattform.</summary>
		<summary lang="en">SoundCloud is an online audio distribution platform.</summary>
		<description lang="de">[COLOR red]- Es existiert eine aktuellere Version.[CR]- Siehe: http://mirrors.kodi.tv/addons/leia/plugin.audio.soundcloud/ [CR]- Updates hier eingestellt ![/COLOR]</description>
		<description lang="en">[COLOR red]- A more recent version exists.[CR]- See: http://mirrors.kodi.tv/addons/leia/plugin.audio.soundcloud/ [CR]- Updates here discontinued ![/COLOR]</description>
		<disclaimer lang="de">Die von diesem Addon dargestellten Inhalte werden von den Erstellern des Addons weder gehostet oder verbreitet, noch stehen die Ersteller in irgendeiner Beziehung zu den Anbietern des Inhalts.</disclaimer>
		<disclaimer lang="en">The author does not host or distribute any of the content displayed by this addon. The author does not have any affiliation with the content providers.</disclaimer>
		<language></language>
		<platform>all</platform>
		<license>GNU GENERAL PUBLIC LICENSE. Version 2, June 1991</license>
		<forum>http://forum.kodi.tv/showthread.php?tid=206635</forum>
		<website>www.soundcloud.com</website>
		<email></email>
		<source>http://mirrors.kodi.tv/addons/leia/plugin.audio.soundcloud/</source>
		<assets>
			<icon>icon.png</icon>
		</assets>
		<broken>
- Es existiert eine aktuellere Version.[CR]- Siehe: http://mirrors.kodi.tv/addons/leia/plugin.audio.soundcloud/ [CR]- Updates hier eingestellt !
		</broken>
		<news>[B][COLOR orangered]Version 2.0.7 (22.03.2020)[/COLOR][/B] by realvito[CR]
- Es existiert eine aktuellere Version.[CR]- Siehe: http://mirrors.kodi.tv/addons/leia/plugin.audio.soundcloud/ [CR]- Updates hier eingestellt !
		</news>
	</extension>
</addon>
