<?xml version="1.0" encoding="UTF-8" standalone="yes"?>
<addon id="plugin.video.ardundzdf" name="ARDundZDF" version="2.8.4" provider-name="rols1 (rols1@gmx.de)">
  <requires>
   <import addon="xbmc.python" version="2.25.0"/>
   <import addon="script.module.kodi-six" />
</requires>
  <extension point="xbmc.python.pluginsource" library="ardundzdf.py">
        <provides>video</provides>
  </extension>
  <extension point="xbmc.addon.metadata">
	<summary lang="de">ARD- und ZDF-Mediathek</summary>
	<description lang="de">ARD- und ZDF-Mediathek, einschließlich Live-TV mit Aufnahmefunktion, Merkliste, Live-Radio, Podcasts. Screenshots siehe https://github.com/rols1/PluginPictures/tree/master/Kodi/ARDundZDF. Wicki zu den Settings siehe https://github.com/rols1/Kodi-Addon-ARDundZDF/wiki.
	</description>
	<platform>all</platform>
         <source>https://github.com/rols1/Kodi-Addon-ARDundZDF</source>
        <forum>https://www.kodinerds.net/index.php/Thread/64244-RELEASE-Kodi-Addon-ARDundZDF/</forum>
	<license>The MIT License (MIT)</license>
	<language>"de_DE"</language>
 	<email>rols1@gmx.de</email>
        <assets>
             <icon>icon.png</icon>
            <fanart>fanart.png</fanart>           
     </assets>
   </extension>
</addon>
