<?xml version="1.0" encoding="utf-8" standalone="yes"?>
<addon id="plugin.video.L0RE.kinder_mediatheken" name="Kinder Mediatheken" version="0.3.0" provider-name="L0RE">
	<requires>
		<import addon="xbmc.python" version="2.24.0"/>
	</requires>
	<extension point="xbmc.python.pluginsource" library="default.py">
		<provides>video</provides>
	</extension>
	<extension point="xbmc.addon.metadata">
		<summary lang="de">Deutsche Kinder Mediatheken</summary>
		<summary lang="en">German kids media libraries</summary>
		<description lang="de">[COLOR red]- z.Zt. gibt es keinen Developer für die Fortführung dieses Addons.[CR]- Updates für dieses Addon vorerst eingestellt ![/COLOR]</description>
		<description lang="en">[COLOR red]- Currently there is no developer to continue this addon.[CR]- Updates for this addon discontinued for the time being ![/COLOR]</description>
		<disclaimer lang="de">Die von diesem Addon dargestellten Inhalte werden von den Erstellern des Addons weder gehostet oder verbreitet, noch stehen die Ersteller in irgendeiner Beziehung zu den Anbietern des Inhalts.</disclaimer>
		<disclaimer lang="en">The author does not host or distribute any of the content displayed by this addon. The author does not have any affiliation with the content providers.</disclaimer>
		<language></language>
		<platform>all</platform>
		<license>GNU GENERAL PUBLIC LICENSE. Version 2, June 1991</license>
		<forum>https://www.kodinerds.net/index.php/Thread/55451-L0REs-Blog/</forum>
		<website></website>
		<email></email>
		<source>https://github.com/kodinerds/repo/tree/master/plugin.video.L0RE.kinder_mediatheken</source>
		<assets>
			<icon>icon.png</icon>
		</assets>
		<broken>
- z.Zt. gibt es keinen Developer für die Fortführung dieses Addons.[CR]- Updates für dieses Addon vorerst eingestellt !
		</broken>
		<news>[B][COLOR orangered]Version 0.2.0 (16.03.2020)[/COLOR][/B] by realvito[CR]
- z.Zt. gibt es keinen Developer für die Fortführung dieses Addons.[CR]- Updates für dieses Addon vorerst eingestellt !
		</news>
	</extension>
</addon>
