﻿<?xml version="1.0" encoding="utf-8" standalone="yes"?>
<addon id="plugin.video.tyl0re.bollythek" name="BollyThek [COLOR FF00EE00](neu)[/COLOR]" version="3.2.3" provider-name="L0RE, realvito">
	<requires>
		<import addon="xbmc.python" version="2.25.0"/>
		<import addon="script.module.requests" version="2.20.0"/>
	</requires>
	<extension point="xbmc.python.pluginsource" library="default.py">
		<provides>video</provides>
	</extension>
	<extension point="xbmc.addon.metadata">
		<summary lang="de_DE">Bollywood Mediathek</summary>
		<summary lang="en_GB">Bollywood Mediathek</summary>
		<description lang="de_DE">Zee.One versorgt Bollywood-Fans seit Mitte 2016 mit Herzschmerz, Tanzeinlagen, indischem Actionkino sowie der Musik und dem Lifestyle Südasiens.[CR]Erlebe pure Emotionen auf zeeone.de.</description>
		<description lang="en_GB">Zee.One has been providing Bollywood fans with heartache, dancing, Indian action cinema as well as the music and lifestyle of South Asia since mid-2016.[CR]Experience pure emotions on zeeone.de.</description>
		<disclaimer lang="de_DE">Die von diesem Addon dargestellten Inhalte werden von den Erstellern des Addons weder gehostet oder verbreitet, noch stehen die Ersteller in irgendeiner Beziehung zu den Anbietern des Inhalts.</disclaimer>
		<disclaimer lang="en_GB">The author does not host or distribute any of the content displayed by this addon. The author does not have any affiliation with the content providers.</disclaimer>
		<language></language>
		<platform>all</platform>
		<license>GNU GENERAL PUBLIC LICENSE. Version 2, June 1991</license>
		<forum>https://www.kodinerds.net/index.php/Thread/55451-L0REs-Blog/</forum>
		<website>http://www.zeeone.de</website>
		<email></email>
		<source>https://github.com/kodinerds/repo/tree/master/plugin.video.tyl0re.bollythek</source>
		<assets>
			<icon>icon.png</icon>
			<fanart>fanart.jpg</fanart>
		</assets>
		<news>[B][COLOR orangered]Version 3.2.3  (30.03.2020)[/COLOR][/B] by realvito[CR]
- Pluginname changed for KODI-compatibility (old=plugin.video.L0RE.Bollywood -> new=plugin.video.tyl0re.bollythek)
- optimized: URL-Abfrage jetzt umgestellt auf das etwas schnellere requests-modul
- optimized: Doppelte Einträge werden herausgefiltert
		</news>
	</extension>
</addon>