<?xml version="1.0"?>
<addon id="repository.saxbmc" name="SaXBMC Addon Repo" version="1.2.1" provider-name="Birger Jesch">
    <requires>
        <import addon="xbmc.addon" version="12.0.0"/>
    </requires>
    <extension point="xbmc.addon.repository" name="SaXBMC Addon Repo">
        <dir>
            <info compressed="true">https://www.quarantine.hs-mittweida.de/~jesch/repo/addons/addons.xml</info>
            <checksum>https://www.quarantine.hs-mittweida.de/~jesch/repo/addons/addons.xml.md5</checksum>
            <datadir zip="true">https://www.quarantine.hs-mittweida.de/~jesch/repo/addons</datadir>
        </dir>
        <dir minversion="19.0.0">
            <info compressed="true">https://www.quarantine.hs-mittweida.de/~jesch/repo/addons/matrix/addons.xml</info>
            <checksum>https://www.quarantine.hs-mittweida.de/~jesch/repo/addons/matrix/addons.xml.md5</checksum>
            <datadir zip="true">https://www.quarantine.hs-mittweida.de/~jesch/repo/addons/matrix/zip/</datadir>
        </dir>
        <dir minversion="18.0.0">
            <info compressed="true">https://www.quarantine.hs-mittweida.de/~jesch/repo/addons/leia/addons.xml</info>
            <checksum>https://www.quarantine.hs-mittweida.de/~jesch/repo/addons/leia/addons.xml.md5</checksum>
            <datadir zip="true">https://www.quarantine.hs-mittweida.de/~jesch/repo/addons/leia/zip/</datadir>
        </dir>
        <dir minversion="17.0.0">
            <info compressed="true">https://www.quarantine.hs-mittweida.de/~jesch/repo/addons/krypton/addons.xml</info>
            <checksum>https://www.quarantine.hs-mittweida.de/~jesch/repo/addons/krypton/addons.xml.md5</checksum>
            <datadir zip="true">https://www.quarantine.hs-mittweida.de/~jesch/repo/addons/krypton/zip/</datadir>
        </dir>
    </extension>
    <extension point="xbmc.addon.metadata">
        <summary lang="en">
            Some useful services and scripts for use within Kodi
        </summary>
        <description lang="en">
            Get some useful services and scripts that makes life with kodi easier.
        </description>
        <summary lang="de">Nützliche Dienste und Programme für Kodi</summary>
        <description lang="de">
            Installiere nützliche Dienste oder Programme, die Dir das Leben mit Kodi einfacher machen.
        </description>
        <disclaimer/>
        <platform>all</platform>
    </extension>
</addon>
