﻿<?xml version="1.0" encoding="utf-8" standalone="yes"?>
<addon id="plugin.video.prosiebensat1" name="ProSiebenSat.1" version="1.1.2" provider-name="Maven">
	<requires>
		<import addon="xbmc.python" version="2.26.0"/>
		<import addon="script.module.requests" version="2.22.0" />
		<import addon="script.module.inputstreamhelper" version="0.3.4"/>
	</requires>
	<extension point="xbmc.python.pluginsource" library="default.py">
		<provides>video</provides>
	</extension>
	<extension point="xbmc.addon.metadata">
		<summary lang="de">ProSiebenSat.1 Mediathek</summary>
		<summary lang="en">ProSiebenSat.1 Mediathek</summary>
		<description lang="de">Alle Sendungen der Free-TV-Sender von ProSiebenSat.1 in der senderübergreifenden Mediathek.[CR]Bei ProSiebenSat.1 genießen Sie den bequemen Zugang zu Ihrem Lieblingssender und zu vielem mehr.</description>
		<description lang="en">All broadcasts of Free-TV-Stations from ProSiebenSat.1 in the trans-media library.[CR]ProSiebenSat.1 gives you easy access to your favorite station and much more.</description>
		<disclaimer lang="de">Die von diesem Addon dargestellten Inhalte werden von den Erstellern des Addons weder gehostet oder verbreitet, noch stehen die Ersteller in irgendeiner Beziehung zu den Anbietern des Inhalts.</disclaimer>
		<disclaimer lang="en">The author does not host or distribute any of the content displayed by this addon. The author does not have any affiliation with the content providers.</disclaimer>
		<language></language>
		<platform>all</platform>
		<license>GNU GENERAL PUBLIC LICENSE. Version 2, June 1991</license>
		<forum>https://www.kodinerds.net/index.php/Thread/55451-L0REs-Blog/</forum>
		<website></website>
		<email></email>
		<source>https://github.com/Maven85/plugin.video.prosiebensat1</source>
		<assets>
			<icon>resources/icon.png</icon>
			<fanart>resources/fanart.png</fanart>
		</assets>
		<news>1.1.2[CR]- Episodenanzeige von 'The Voice of Germany' behoben</news>
	</extension>
</addon>