﻿<?xml version="1.0" encoding="UTF-8" standalone="yes"?>
<addon id="repository.collabsvito" name="Collabsvito REPO for KODI Add-ons" version="2.0.1" provider-name="Collabsvito">
	<extension point="xbmc.addon.repository" name="Collabsvito Repository">
		<info compressed="false">https://raw.githubusercontent.com/Collabsvito/Repo/master/addons.xml</info>
		<checksum>https://raw.githubusercontent.com/Collabsvito/Repo/master/addons.xml.md5</checksum>
		<datadir zip="true">https://raw.githubusercontent.com/Collabsvito/Repo/master/packages/</datadir>
	</extension>
	<extension point="xbmc.addon.metadata">
		<summary>Some ADDONS created by @Collabsvito</summary>
		<description>Download And Install Addons Developed By Collabsvito.[CR]These Addons Should Not Missed.</description>
		<disclaimer>The owner and submitters to this repository do not host or distribute any of the content displayed by these addons nor do they have any affiliation with the content providers.</disclaimer>
		<platform>all</platform>
	</extension>
</addon>