<?xml version="1.0" encoding="UTF-8" standalone="yes"?>
<addon id="plugin.video.joyn" name="Joyn" version="2.0.8" provider-name="knaerzche">
	<requires>
		<import addon="xbmc.python" version="2.25.0"/>
		<import addon="inputstream.adaptive" version="2.2.21"/>
		<import addon="script.module.inputstreamhelper" version="0.3.5"/>
		<import addon="script.module.uepg" version="1.0.5"/>
		<import addon="script.module.simplejson" version="3.3.0" optional="true" />
	</requires>
	<extension point="xbmc.python.pluginsource" library="default.py">
		<provides>video</provides>
	</extension>
	<extension point="xbmc.addon.metadata">
		<summary lang="en_GB">Joyn Video On Demand  and Live TV</summary>
		<summary lang="de_DE">Joyn Video On Demand and Live TV</summary>
		<description lang="en_GB">Watch VOD content und Live TV provided by Joyn</description>
		<description lang="de_DE">Video On Demand und Live TV von Joyn</description>
		<language></language>
		<platform>all</platform>
		<license>GNU GENERAL PUBLIC LICENSE. Version 2, June 1991</license>
		<forum>https://www.kodinerds.net/index.php/Thread/66679-Pre-Release-Joyn-VOD-Live/?postID=537817</forum>
		<website>https://www.joyn.de/</website>
		<email>knaerzche at gmail dot com</email>
		<source>https://github.com/knaerzche/plugin.video.joyn</source>
		<assets>
			<icon>resources/media/icon.png</icon>
			<fanart>resources/media/fanart.jpg</fanart>
			<clearlogo>resources/media/logo.gif</clearlogo>
			<screenshot>resources/media/screenshot01.jpg</screenshot>
			<screenshot>resources/media/screenshot02.jpg</screenshot>
			<screenshot>resources/media/screenshot03.jpg</screenshot>
		</assets>
		<news>
v2.0.5
[new] add support from PlayReady DRM
[new] add preliminary for foreign countries
[new] add proxy settings
[new] add slection for joyn platform
[fixed] dates in far future on 32-bit platforms
[new] add support for movies
v2.0.6
[new] implement simple caching system
[new] favor simplejson for json processing
v2.0.8
[fix] workarround ip-api.com error
		</news>
	</extension>
</addon>
