﻿<?xml version="1.0" encoding="utf-8" standalone="yes"?>
<addon id="plugin.video.tvtoday_de" name="TV Today - Best of Mediatheken" version="1.5.3" provider-name="realvito">
	<requires>
		<import addon="xbmc.python" version="2.25.0"/>
		<import addon="plugin.video.tyl0re.arte" optional="true"/>
		<import addon="plugin.video.arteplussept" optional="true"/>
		<import addon="plugin.video.rtlnow" optional="true"/>
	</requires>
	<extension point="xbmc.python.pluginsource" library="default.py">
		<provides>video</provides>
	</extension>
	<extension point="xbmc.addon.metadata">
		<summary lang="de_DE">Das Beste aus TV-Today</summary>
		<summary lang="en_GB">The best from TV-Today</summary>
		<description lang="de_DE">Das Beste aus deutschen Mediatheken, ausgewählt und zusammengestellt von der Zeitschrift TV-Today (www.tvtoday.de).[CR][CR]Für mehr Informationen zu allen Neuerungen siehe - CHANGELOG.[CR]     HAVE FUN</description>
		<description lang="en_GB">The best from german Mediatheken, selected and compiled by the magazine TV-Today (www.tvtoday.de).[CR][CR]For more information about all new features see - CHANGELOG.[CR]     HAVE FUN</description>
		<disclaimer lang="de_DE">Die von diesem Addon dargestellten Inhalte werden von den Erstellern des Addons weder gehostet oder verbreitet, noch stehen die Ersteller in irgendeiner Beziehung zu den Anbietern des Inhalts.</disclaimer>
		<disclaimer lang="en_GB">The author does not host or distribute any of the content displayed by this addon. The author does not have any affiliation with the content providers.</disclaimer>
		<language></language>
		<platform>all</platform>
		<license>GNU GENERAL PUBLIC LICENSE. Version 3, June 2007</license>
		<forum>https://www.kodinerds.net/index.php/Thread/53329-RERELEASE-TVTODAY/</forum>
		<website>https://www.tvtoday.de/mediathek/</website>
		<email></email>
		<source>https://github.com/kodinerds/repo/tree/master/plugin.video.tvtoday_de</source>
		<assets>
			<icon>icon.png</icon>
			<fanart>fanart.jpg</fanart>
		</assets>
		<news>[B][COLOR orangered]Version 1.5.3  (03.02.2020)[/COLOR][/B][CR]
- fixed: ARTE-Videos über "plugin.video.tyl0re.arte" abspielen (Code verändert)
- fixed: TVNOW-Videos über "plugin.video.rtlnow" abspielen (Code verändert)
		</news>
	</extension>
</addon>