<?xml version="1.0" encoding="utf-8" standalone="yes"?>
<addon id="plugin.video.L0RE.disneychannel" name="Disney Channel Deutschland" version="0.2.0" provider-name="L0RE">
	<requires>
		<import addon="xbmc.python" version="2.24.0"/>
		<import addon="script.module.requests" version="2.12.4"/>
		<import addon="script.module.beautifulsoup4" version="4.3.2"/>
	</requires>
	<extension point="xbmc.python.pluginsource" library="default.py">
		<provides>video</provides>
	</extension>
	<extension point="xbmc.addon.metadata">
		<summary lang="de">Video des Disney Channel Deutschland und Livestream</summary>
		<summary lang="en">Videos from Disney Channel Germany with Livestream</summary>
		<description lang="de">[COLOR red]- Die Webseite wird bald abgeschaltet.[CR]- Addon-Support eingestellt ![/COLOR]</description>
		<description lang="en">[COLOR red]- The website will be shut down soon.[CR]- Addon support discontinued ![/COLOR]</description>
		<disclaimer lang="de">Die von diesem Addon dargestellten Inhalte werden von den Erstellern des Addons weder gehostet oder verbreitet, noch stehen die Ersteller in irgendeiner Beziehung zu den Anbietern des Inhalts.</disclaimer>
		<disclaimer lang="en">The author does not host or distribute any of the content displayed by this addon. The author does not have any affiliation with the content providers.</disclaimer>
		<language></language>
		<platform>all</platform>
		<license>GNU GENERAL PUBLIC LICENSE. Version 2, June 1991</license>
		<forum>https://www.kodinerds.net/index.php/Thread/55451-L0REs-Blog/</forum>
		<website></website>
		<email></email>
		<source>https://github.com/kodinerds/repo/tree/master/plugin.video.L0RE.disneychannel</source>
		<assets>
			<icon>icon.png</icon>
		</assets>
		<broken>
- Die Webseite wird bald abgeschaltet.[CR]- Addon-Support eingestellt !
		</broken>
		<news>[B][COLOR orangered]Version 0.2.0 (16.03.2020)[/COLOR][/B] by realvito[CR]
- Die Webseite wird bald abgeschaltet.[CR]- Addon-Support eingestellt !
		</news>
	</extension>
</addon>
