﻿<?xml version="1.0" encoding="utf-8" standalone="yes"?>
<addon id="plugin.video.L0RE.dmax" name="DMAX Mediathek" version="1.0.9" provider-name="L0RE">
	<requires>
		<import addon="xbmc.python" version="2.25.0"/>
		<import addon="service.L0RE.cron" version="1.0.1" optional="true"/>
		<import addon="plugin.video.tyl0re.dmax" version="2.1.0"/>
	</requires>
	<extension point="xbmc.python.pluginsource" library="default.py">
		<provides>video</provides>
	</extension>
	<extension point="xbmc.addon.metadata">
		<summary lang="de_DE">DMAX Mediathek</summary>
		<summary lang="en_GB">DMAX Mediathek</summary>
		<description lang="de_DE">[COLOR red]- Dieses Addon bekommt einen neuen Pfad im KODI-Verzeichnis ![CR]- Damit wird die Kompatibilität und der Aufruf durch andere Addons wiederhergestellt.[CR][CR]- Bitte das neue Addon mit der Version-No. 2.1.0 AKTIVIEREN und einmal STARTEN (um die eigenen Addon-Favoriten automatisch zu übertragen) !!![CR]- Danach dieses Addon mit der Version-No. 1.0.9 DEINSTALLIEREN.[/COLOR]</description>
		<description lang="en_GB">[COLOR red]- This Addon gets a new path in the KODI directory ![CR]- This restores the compatibility and the call by other addons.[CR][CR]- Please ACTIVATE the new Addon with the Version-No. 2.1.0 and START once (to automatically transfer your own add-on favorites) !!![CR]- After that UNINSTALL this Addon with the Version-No. 1.0.9.[/COLOR]</description>
		<disclaimer lang="de_DE">Die von diesem Addon dargestellten Inhalte werden von den Erstellern des Addons weder gehostet oder verbreitet, noch stehen die Ersteller in irgendeiner Beziehung zu den Anbietern des Inhalts.</disclaimer>
		<disclaimer lang="en_GB">The author does not host or distribute any of the content displayed by this addon. The author does not have any affiliation with the content providers.</disclaimer>
		<language></language>
		<platform>all</platform>
		<license>GNU GENERAL PUBLIC LICENSE. Version 2, June 1991</license>
		<forum>https://www.kodinerds.net/index.php/Thread/55451-L0REs-Blog/</forum>
		<website>https://www.dmax.de</website>
		<email></email>
		<source>https://github.com/kodinerds/repo/tree/master/plugin.video.L0RE.dmax</source>
		<assets>
			<icon>icon.png</icon>
			<fanart>fanart.jpg</fanart>
		</assets>
		<broken>
- Dieses Addon bekommt einen neuen Pfad im KODI-Verzeichnis ![CR]- Damit wird die Kompatibilität und der Aufruf durch andere Addons wiederhergestellt.[CR][CR]- Bitte das neue Addon mit der Version-No. 2.1.0 AKTIVIEREN und einmal STARTEN (um die eigenen Addon-Favoriten automatisch zu übertragen) !!![CR]- Danach dieses Addon mit der Version-No. 1.0.9 DEINSTALLIEREN.
		</broken>
		<news>[B][COLOR orangered]Version 1.09 (03.02.2020)[/COLOR][/B] by realvito[CR]
- Dieses Addon bekommt einen neuen Pfad im KODI-Verzeichnis ![CR]- Damit wird die Kompatibilität und der Aufruf durch andere Addons wiederhergestellt.[CR][CR]- Bitte das neue Addon mit der Version-No. 2.1.0 AKTIVIEREN und einmal STARTEN (um die eigenen Addon-Favoriten automatisch zu übertragen) !!![CR]- Danach dieses Addon mit der Version-No. 1.0.9 DEINSTALLIEREN.
		</news>
	</extension>
</addon>