<channels>
 <channels_info>
  <title>Deutsche Sender</title>
  <genre>TV</genre>
  <description>Livestreams http://www.ardmediathek.de/tv/live</description>
  <thumbnail></thumbnail>
   <date>16.05.2019 rols1</date>
  <credits>Grafiken @Arauco (Plex-Forum)</credits>
  <info>Senderübersicht TVToday: https://www.tvtoday.de/programm/standard/sender/ Button:Alle Sender</info>
  <info2>das &-Zeichen verstößt zwar gegen den xml-Standard, ist aber kompatibel mit den String-Funktionen im PRG</info2>
  <info3>hrefsender enthält Sendernamen passend zu www.ardmediathek.de (ARD-Neu)</info3>
 </channels_info>
 
<channel>
<name>Überregional</name>
<thumbnail>tv-ueberregional.png</thumbnail>
<epg></epg>
<items>
	<item>
		<title>Das Erste</title>
		<hrefsender>Das Erste</hrefsender>
		<link>https://mcdn.daserste.de/daserste/de/master.m3u8</link>
		<thumbnail>tv-das-erste.png</thumbnail>
		<genre>TV</genre>
		<EPG_ID>ARD</EPG_ID>
		<date>11.05.2019</date>
		<epg_url></epg_url>
	</item>
	<item>
		<title>ZDF</title>
		<hrefsender>ZDF</hrefsender>
		<link>http://zdf1314-lh.akamaihd.net/i/de14_v1@392878/master.m3u8</link>
		<thumbnail>tv-zdf.png</thumbnail>
		<genre>TV</genre>
		<EPG_ID>ZDF</EPG_ID>
		<date>11.06.2016</date>
		<epg_url></epg_url>
		<geoblock>ja</geoblock>
	</item>
	<item>
		<title>KiKA</title>
		<hrefsender>KiKA</hrefsender>
		<link>https://kikade-lh.akamaihd.net/i/livetvkika_de@450035/master.m3u8</link>
		<thumbnail>tv-kika.png</thumbnail>
		<genre>TV</genre>
		<EPG_ID>KIKA</EPG_ID>
		<date>07.09.2018</date>
		<epg_url></epg_url>
		<geoblock>ja</geoblock>
	</item>
	<item>
		<title>Arte</title>
		<hrefsender>ARTE</hrefsender>
		<link>https://artelive-lh.akamaihd.net/i/artelive_de@393591/master.m3u8</link>
		<link1>LiveTV_Arte.m3u8</link1>link1>
		<info>Web: http://www.ardmediathek.de/tv/live?kanal=5880</info>
		<thumbnail>tv-arte.png</thumbnail>
		<genre>TV</genre>
		<EPG_ID>ARTE</EPG_ID>
		<date>07.09.2018</date>
		<epg_url></epg_url>
		<geoblock>ja</geoblock>
	</item>
	<item>
		<title>ONE</title>
		<hrefsender>ONE</hrefsender>
		<link>http://onelivestream-lh.akamaihd.net/i/one_livestream@568814/master.m3u8</link>
		<thumbnail>tv-one.png</thumbnail>
		<genre>TV</genre>
		<EPG_ID>fes</EPG_ID>
		<date>07.09.2018</date>
		<epg_url></epg_url>
	</item>
	<item>
		<title>3sat</title>
		<hrefsender>3sat</hrefsender>
		<link>http://zdf0910-lh.akamaihd.net/i/dach10_v1@392872/master.m3u8</link>
		<thumbnail>tv-3sat.png</thumbnail>
		<genre>TV</genre>
		<EPG_ID>3SAT</EPG_ID>
		<date>07.09.2018</date>
		<epg_url></epg_url>
		<geoblock>ja</geoblock>
	</item>
	<item>			
		<title>ZDFneo</title>
		<hrefsender>ZDFneo</hrefsender>
		<link>http://zdf1314-lh.akamaihd.net/i/de13_v1@392877/master.m3u8</link>
		<thumbnail>tv-zdf-neo.png</thumbnail>
		<genre>TV</genre>
		<EPG_ID>2NEO</EPG_ID>
		<date>11.06.2016</date>
		<epg_url></epg_url>
		<geoblock>ja</geoblock>
	</item>
	<item>			
		<title>ZDFinfo</title>
		<hrefsender>ZDFinfo</hrefsender>
		<link>http://zdf1112-lh.akamaihd.net/i/de12_v1@392882/master.m3u8</link>
		<thumbnail>tv-zdf-info.png</thumbnail>
		<genre>TV</genre>
		<EPG_ID>ZINFO</EPG_ID>
		<date>11.06.2016</date>
		<epg_url></epg_url>
		<geoblock>ja</geoblock>
	</item>
	<item>			
		<title>ARDSportschau Livestream</title>
		<hrefsender></hrefsender>
		<link>https://ardevent2.akamaized.net/hls/live/681512/ardevent2_geo/master.m3u8</link>
		<thumbnail>tv-ard-sportschau.png</thumbnail>
		<genre>TV</genre>
		<EPG_ID></EPG_ID>
		<date>16.04.2019</date>
		<epg_url></epg_url>
		<geoblock>ja</geoblock>
	</item>
	<item>
		<title>ARD-alpha</title>
		<hrefsender>ARD-alpha</hrefsender>
		<link>https://brlive-lh.akamaihd.net/i/bralpha_germany@119899/master.m3u8</link>
		<thumbnail>tv-alpha.png</thumbnail>
		<genre>TV</genre>
		<EPG_ID>ALPHA</EPG_ID>
		<date>07.09.2018</date>
		<epg_url></epg_url>
	</item>
	<item>
		<title>phoenix</title>
		<hrefsender>phoenix</hrefsender>
		<link>http://zdf0910-lh.akamaihd.net/i/de09_v1@392871/master.m3u8</link>
		<thumbnail>tv-phoenix.png</thumbnail>
		<genre>TV</genre>
		<EPG_ID>PHOEN</EPG_ID>
		<date>07.09.2018</date>
		<epg_url></epg_url>
		<geoblock>ja</geoblock>
	</item>
	<item>
		<title>Tagesschau24-Livestream</title>
		<hrefsender>tagesschau24</hrefsender>
		<link>http://tagesschau-lh.akamaihd.net/i/tagesschau_1@119231/master.m3u8</link>
		<thumbnail>tv-tagesschau.png</thumbnail>
		<genre>TV</genre>
		<EPG_ID>TAG24</EPG_ID>
		<date>07.09.2018</date>
		<epg_url></epg_url>
	</item>
	<item>
		<title>Deutsche Welle</title>
		<hrefsender>Deutsche Welle</hrefsender>
		<link>https://dwstream72-lh.akamaihd.net/i/dwstream72_live@123556/master.m3u8</link>
		<thumbnail>tv-deutsche-welle.png</thumbnail>
		<genre>TV</genre>
		<EPG_ID>DWTV</EPG_ID>
		<date>19.06.2016</date>
		<epg_url></epg_url>
	</item>
</items>
</channel>

<channel>
<name>Regional</name>
<thumbnail>tv-regional.png</thumbnail>
<epg>http://www.zdf.de/epg/programm-4100.html</epg>
<items>
	<item>
		<title>BR Fernsehen-Nord</title>
		<hrefsender>BR Fernsehen Nord</hrefsender>
		<link>http://brlive-lh.akamaihd.net/i/bfsnord_germany@119898/master.m3u8</link>
		<thumbnail>tv-br.png</thumbnail>
		<genre>TV</genre>
		<EPG_ID>BR</EPG_ID>
		<date>21.09.2018</date>
		<epg_url></epg_url>
	</item>
	<item>
		<title>BR Fernsehen-Süd</title>
		<hrefsender>BR Fernsehen Süd</hrefsender>
		<link>https://mcdn.br.de/bfs_sued/de/master.m3u8</link>
		<thumbnail>tv-br.png</thumbnail>
		<genre>TV</genre>
		<EPG_ID>BR</EPG_ID>
		<date>07.09.2018</date>
		<epg_url></epg_url>
	</item>
	<item>
		<title>hr-fernsehen</title>
		<hrefsender>hr-fernsehen</hrefsender>
		<link>https://hrlive1-lh.akamaihd.net/i/hr_fernsehen@75910/master.m3u8</link>		  
		<thumbnail>tv-hr.png</thumbnail>
		<genre>TV</genre>
		<EPG_ID>HR</EPG_ID>
		<date>07.09.2018</date>
		<epg_url></epg_url>
	</item>
	<item>
		<title>MDR Sachsen</title>
		<hrefsender>MDR</hrefsender>
		<link>https://mdrsnhls-lh.akamaihd.net/i/livetvmdrsachsen_de@513998/master.m3u8</link>
		<thumbnail>tv-mdr-sachsen.png</thumbnail>
		<genre>TV</genre>
		<EPG_ID>MDR</EPG_ID>
		<date>07.09.2018</date>
		<epg_url></epg_url>
	</item>
	<item>
		<title>MDR+ Eventlivestreams + SocialTV</title>
		<hrefsender></hrefsender>
		<link>https://mdrevent2hls-lh.akamaihd.net/i/livetvmdrevent2_ww@513991/master.m3u8</link>
		<thumbnail>tv-mdr-sachsen.png</thumbnail>
		<genre>TV</genre>
		<EPG_ID></EPG_ID>
		<date>22.04.2019</date>
		<epg_url></epg_url>
	</item>
	<item>
		<title>Radio Bremen</title>
		<hrefsender>Radio Bremen</hrefsender>
		<link>https://rbfs-lh.akamaihd.net/i/rb_fs@438960/master.m3u8</link>
		<thumbnail>tv-bremen.png</thumbnail>
		<genre>TV</genre>
		<EPG_ID>N3</EPG_ID>
		<date>07.09.2018</date>
		<epg_url></epg_url>
	</item>
	<item>
		<title>NDR Niedersachsen</title>
		<hrefsender>NDR</hrefsender>
		<link>https://ndrfs-lh.akamaihd.net/i/ndrfs_nds@430233/master.m3u8</link>
		<thumbnail>tv-ndr-niedersachsen.png</thumbnail>
		<genre>TV</genre>
		<EPG_ID>N3</EPG_ID>
		<date>07.09.2018</date>
		<epg_url></epg_url>
	</item>
	<item>
		<title>NDR Schleswig-Holstein</title>
		<hrefsender>NDR</hrefsender>
		<link>https://ndrfs-lh.akamaihd.net/i/ndrfs_sh@430234/master.m3u8</link>
		<thumbnail>tv-ndr-schleswig-holstein.png</thumbnail>
		<genre>TV</genre>
		<EPG_ID>N3</EPG_ID>
		<date>21.09.2018</date>
		<epg_url></epg_url>
	</item>
	<item>
		<title>NDR Mecklenburg-Vorpommern</title>
		<hrefsender>NDR</hrefsender>
		<link>https://ndrfs-lh.akamaihd.net/i/ndrfs_mv@430232/master.m3u8</link>
		<thumbnail>tv-ndr-mecklenburg-vorpommern.png</thumbnail>
		<genre>TV</genre>
		<EPG_ID>N3</EPG_ID>
		<date>21.09.2018</date>
		<epg_url></epg_url>
	</item>
	<item>
		<title>NDR Hamburg</title>
		<hrefsender>NDR</hrefsender>
		<link>https://ndrfs-lh.akamaihd.net/i/ndrfs_hh@430231/master.m3u8</link>
		<thumbnail>tv-ndr-hamburg.png</thumbnail>
		<genre>TV</genre>
		<EPG_ID>N3</EPG_ID>
		<date>21.09.2018</date>
		<epg_url></epg_url>
	</item>
	<item>
		<title>rbb Fernsehen Brandenburg</title>
		<hrefsender>rbb</hrefsender>
		<link>https://rbblive-lh.akamaihd.net/i/rbb_brandenburg@349369/master.m3u8</link>
		<thumbnail>tv-rbb-brandenburg.png</thumbnail>
		<genre>TV</genre>
		<EPG_ID>RBB</EPG_ID>
		<date>07.09.2018</date>
		<epg_url></epg_url>
	</item>
	<item>
		<title>SR Fernsehen</title>
		<hrefsender>SR</hrefsender>
		<link>https://srlive24-lh.akamaihd.net/i/sr_universal02@107595/master.m3u8</link>
		<thumbnail>tv-sr.png</thumbnail>
		<genre>TV</genre>
		<EPG_ID>SWR</EPG_ID>
		<date>21.09.2018</date>
		<epg_schema>ARD</epg_schema>
		<epg_url></epg_url>
		<info>TVToday: SWR/SR gemeinsam</info>
	</item>
	<item>
		<title>SWR Fernsehen Baden-Württemberg</title>
		<hrefsender>SWR</hrefsender>
		<link>https://swrbwhls-i.akamaihd.net/hls/live/667638/swrbwd/master.m3u8</link>
		<thumbnail>tv-swr.png</thumbnail>
		<genre>TV</genre>
		<EPG_ID>SWR</EPG_ID>
		<date>07.09.2018</date>
		<epg_url></epg_url>
		<info>TVToday: SWR/SR gemeinsam</info>https://58de7a369a9c4.streamlock.net/aktionaertv_live/smil:aktionaertv_live_abr.smil/playlist.m3u8
	</item>
	<item>
		<title>WDR Fernsehen im Livestream</title>
		<hrefsender>WDR</hrefsender>
		<link>https://wdrfsgeo-lh.akamaihd.net/i/wdrfs_geogeblockt@530016/master.m3u8</link>
		<thumbnail>tv-wdr.png</thumbnail>
		<genre>TV</genre>
		<EPG_ID>WDR</EPG_ID>
		<date>07.09.2018</date>
		<epg_url></epg_url>
	</item>
	<item>
		<title>WDR/ARD Event Sportschau</title>
		<hrefsender></hrefsender>
		<link>https://wdrardevent1-lh.akamaihd.net/i/ardevent1_weltweit@566648/master.m3u8</link>
		<thumbnail>https://www.sportschau.de/resources/img/sportschau/banner/logo_base.png</thumbnail>
		<genre>TV</genre>
		<EPG_ID></EPG_ID>
		<date>22.04.2019</date>
		<epg_url></epg_url>
	</item>
</items>
</channel>

<channel>
<name>Privat</name>
<thumbnail>tv-privat.png</thumbnail>
<fanart></fanart>
<items>
	<item>
		<title>ServusTV</title>
		<link>https://liveservustv-i.akamaihd.net/hls/live/271000/ServusTV_DE/master.m3u8</link>
		<thumbnail>tv-servus.png</thumbnail>
		<genre>TV</genre>
		<EPG_ID>SERVU</EPG_ID>
		<date>11.12.2016</date>
	</item>
	<item>
		<title>Welt / N24-Live</title>
		<link>https://live2weltcms-lh.akamaihd.net/i/Live2WeltCMS_1@444563/index_3_av-b.m3u8?sd=10&dw=0&rebase=on</link>
		<thumbnail>tv-n24.png</thumbnail>
		<genre>TV</genre>
		<EPG_ID>WELT</EPG_ID>
		<date>12.10.2018</date>
	</item>
	<item-out>
		<title>n-tv</title>
		<link>LiveTV_ntv.m3u8</link>
		<thumbnail>tv-ntv.png</thumbnail>
		<genre>TV</genre>
		<EPG_ID>NTV</EPG_ID>
		<date>12.10.2018 - verschlüsselt, nicht mehr verfügbar</date>
	</item-out>
	<item>
		<title>QVC</title>
		<link>http://live.qvcde.simplestreamcdn.com/live/qvcde_main_clean/bitrate1.isml/live.m3u8</link>
		<thumbnail>tv-qvc.png</thumbnail>
		<genre>TV</genre>
		<EPG_ID>QVC</EPG_ID>
		<date>05.11.2017</date>
	</item>
	<item>
		<title>QVC BEAUTY & STYLE</title>
		<link>http://live.qvcde.simplestreamcdn.com/live/qvcde_beauty_clean/bitrate1.isml/live.m3u8</link>
		<thumbnail>tv-qvc.png</thumbnail>
		<genre>TV</genre>
		<EPG_ID>qvcbs</EPG_ID>
		<date>05.11.2017</date>
	</item>
	<item>
		<title>QVC PLUS</title>
		<link>http://live.qvcde.simplestreamcdn.com/live/qvcde_plus_clean/bitrate1.isml/live.m3u8</link>
		<thumbnail>tv-qvc.png</thumbnail>
		<genre>TV</genre>
		<EPG_ID>qvcp</EPG_ID>
		<date>05.11.2017</date>
	</item>
</items>
</channel>
</channels>
