<?xml version="1.0" encoding="utf-8" standalone="yes"?>
<addon id="plugin.video.rocketbeanstvlive" version="2.1.5" name="Rocket Beans TV" provider-name="Jin, Ulukai">
	<requires>
		<import addon="xbmc.python" version="2.14.0"/>
		<import addon="plugin.video.youtube" version="6.3.0"/>
	</requires>
	<extension point="xbmc.python.pluginsource" library="addon.py">
		<provides>video</provides>
	</extension>
	<extension point="xbmc.addon.metadata">
		<summary lang="de">Rocket Beans TV | 24/7 Entertainment.</summary>
		<summary lang="en">Rocket Beans TV | 24/7 Entertainment.</summary>
		<description lang="de">[COLOR red]- Es existiert eine aktuellere Version.[CR]- Siehe: https://mirrors.kodi.tv/addons/leia/plugin.video.rocketbeans/ [CR]- Updates hier eingestellt ![/COLOR]</description>
		<description lang="en">[COLOR red]- A more recent version exists.[CR]- See: https://mirrors.kodi.tv/addons/leia/plugin.video.rocketbeans/ [CR]- Updates here discontinued ![/COLOR]</description>
		<disclaimer lang="de">Die von diesem Addon dargestellten Inhalte werden von den Erstellern des Addons weder gehostet oder verbreitet, noch stehen die Ersteller in irgendeiner Beziehung zu den Anbietern des Inhalts.</disclaimer>
		<disclaimer lang="en">The author does not host or distribute any of the content displayed by this addon. The author does not have any affiliation with the content providers.</disclaimer>
		<language></language>
		<platform>all</platform>
		<license>GNU GENERAL PUBLIC LICENSE. Version 2, June 1991</license>
		<forum>https://forum.rocketbeans.tv/t/release-neues-kodi-addon-fuer-rbtv-youtube/9436/27</forum>
		<website>www.rocketbeans.tv</website>
		<email></email>
		<source>https://mirrors.kodi.tv/addons/leia/plugin.video.rocketbeans/</source>
		<assets>
			<icon>icon.png</icon>
		</assets>
		<broken>
- Es existiert eine aktuellere Version.[CR]- Siehe: https://mirrors.kodi.tv/addons/leia/plugin.video.rocketbeans/ [CR]- Updates hier eingestellt !
		</broken>
		<news>[B][COLOR orangered]Version 2.0.7 (22.03.2020)[/COLOR][/B] by realvito[CR]
- Es existiert eine aktuellere Version.[CR]- Siehe: https://mirrors.kodi.tv/addons/leia/plugin.video.rocketbeans/ [CR]- Updates hier eingestellt !
		</news>
	</extension>
</addon>
