﻿<?xml version="1.0" encoding="utf-8" standalone="yes"?>
<addon id="plugin.video.sporttotal" name="Sport-Total TV" version="1.0.2" provider-name="L0RE">
	<requires>
		<import addon="xbmc.python" version="2.24.0"/>
		<import addon="script.module.beautifulsoup4" version="4.3.2"/>
		<import addon="script.common.plugin.cache" version="2.5.5" optional="true"/> # Add this
	</requires>
	<extension point="xbmc.python.pluginsource" library="default.py">
		<provides>video</provides>
	</extension>
	<extension point="xbmc.addon.metadata">
		<summary lang="en">Regionalsport on Sporttotal.tv</summary>
		<summary lang="de">Regionalsport auf Sporttotal.tv</summary>
		<description lang="en">Sporttotal.tv shows Germany's amateur sport in full length and width. The league game of the home club? The funny and best scenes from Germany's amateur leagues?[CR]Selected and compiled by Sporttotal.tv (https://www.sporttotal.tv).</description>
		<description lang="de">Sporttotal.tv zeigt Deutschlands Amateursport in voller Länge und Breite. Das Oberligaspiel vom Heimatverein? Die lustigen und besten Szenen aus Deutschlands Amateurligen?[CR]Ausgewählt und zusammengestellt von Sporttotal.tv (https://www.sporttotal.tv).</description>
		<disclaimer lang="en">The author does not host or distribute any of the content displayed by this addon. The author does not have any affiliation with the content providers.</disclaimer>
		<disclaimer lang="de">Die von diesem Addon dargestellten Inhalte werden von den Erstellern des Addons weder gehostet oder verbreitet, noch stehen die Ersteller in irgendeiner Beziehung zu den Anbietern des Inhalts.</disclaimer>
		<language></language>
		<platform>all</platform>
		<license>GNU GENERAL PUBLIC LICENSE. Version 2, June 1991</license>
		<forum>https://www.kodinerds.net/index.php/Thread/55451-L0REs-Blog/</forum>
		<website>https://www.sporttotal.tv/</website>
		<email></email>
		<source>https://github.com/kodinerds/repo/tree/master/plugin.video.sporttotal</source>
		<assets>
			<icon>icon.png</icon>
			<fanart>fanart.jpg</fanart>
		</assets>
		<news>[B][COLOR orangered]Version 1.0.2  (16.05.2019)[/COLOR][/B] by realvito[CR]
- fixed: In der Rubrik = Live-Übertragungen werden die verfügbaren Sportarten als kryptischer Text ausgegeben
- fixed: In der Rubrik = Sportarten werden NICHT alle verfügbaren Sportarten gelistet und Links NICHT richtig weitergereicht
- fixed: In der Rubrik = Ligen werden die verfügbaren Sportarten als kryptischer Text ausgegeben und Links NICHT richtig weitergereicht
- fixed: Videos werden NICHT abgespielt (Link verändert)
		</news>
	</extension>
</addon>