﻿<?xml version="1.0" encoding="utf-8" standalone="yes"?>
<addon id="plugin.video.sporttotal" name="Sport-Total TV" version="1.0.3" provider-name="L0RE">
	<requires>
		<import addon="xbmc.python" version="2.24.0"/>
	</requires>
	<extension point="xbmc.python.pluginsource" library="default.py">
		<provides>video</provides>
	</extension>
	<extension point="xbmc.addon.metadata">
		<summary lang="de_DE">Regionalsport auf Sporttotal.tv</summary>
		<summary lang="en_GB">Regionalsport on Sporttotal.tv</summary>
		<description lang="de_DE">Sporttotal.tv zeigt Deutschlands Amateursport in voller Länge und Breite. Das Oberligaspiel vom Heimatverein? Die lustigen und besten Szenen aus Deutschlands Amateurligen?[CR]Ausgewählt und zusammengestellt von Sporttotal.tv (https://www.sporttotal.tv).</description>
		<description lang="en_GB">Sporttotal.tv shows Germany's amateur sport in full length and width. The league game of the home club? The funny and best scenes from Germany's amateur leagues?[CR]Selected and compiled by Sporttotal.tv (https://www.sporttotal.tv).</description>
		<disclaimer lang="de_DE">Die von diesem Addon dargestellten Inhalte werden von den Erstellern des Addons weder gehostet oder verbreitet, noch stehen die Ersteller in irgendeiner Beziehung zu den Anbietern des Inhalts.</disclaimer>
		<disclaimer lang="en_GB">The author does not host or distribute any of the content displayed by this addon. The author does not have any affiliation with the content providers.</disclaimer>
		<language></language>
		<platform>all</platform>
		<license>GNU GENERAL PUBLIC LICENSE. Version 2, June 1991</license>
		<forum>https://www.kodinerds.net/index.php/Thread/55451-L0REs-Blog/</forum>
		<website>https://www.sporttotal.tv/</website>
		<email></email>
		<source>https://github.com/kodinerds/repo/tree/master/plugin.video.sporttotal</source>
		<assets>
			<icon>icon.png</icon>
			<fanart>fanart.jpg</fanart>
		</assets>
		<news>[B][COLOR orangered]Version 1.0.3  (29.06.2019)[/COLOR][/B] by realvito[CR]
- fixed: Komplette Neuauflage des Addons nach Veränderung der Webseite
- optimized: Eine Cache-Speicherung des Inhalts wird nicht mehr benötigt (entfernt)
		</news>
	</extension>
</addon>