﻿<?xml version="1.0" encoding="utf-8" standalone="yes"?>
<addon id="plugin.video.myspass_de" name="Myspass.de" version="4.0.1" provider-name="L0RE">
	<requires>
		<import addon="xbmc.python" version="2.24.0"/>
	</requires>
	<extension point="xbmc.python.pluginsource" library="default.py">
		<provides>video</provides>
	</extension>
	<extension point="xbmc.addon.metadata">
		<summary lang="de_DE">Myspass Mediathek</summary>
		<summary lang="en_GB">Myspass media library</summary>
		<description lang="de_DE">Egal ob aktuelle TV Shows wie PussyTerror tv, LUKE ! Die Woche und ich oder Schlag den Henssler, ob Kult-TV-Serien wie Stromberg, Ladykracher oder Pastewka - wir haben es für Dich auf Lager !</description>
		<description lang="en_GB">No matter if current TV shows like PussyTerror tv, LUKE ! The week and I or blow the Henssler, whether cult TV series like Stromberg, Ladykracher or Pastewka - we have it in stock for you !</description>
		<disclaimer lang="de_DE">Die von diesem Addon dargestellten Inhalte werden von den Erstellern des Addons weder gehostet oder verbreitet, noch stehen die Ersteller in irgendeiner Beziehung zu den Anbietern des Inhalts.</disclaimer>
		<disclaimer lang="en_GB">The author does not host or distribute any of the content displayed by this addon. The author does not have any affiliation with the content providers.</disclaimer>
		<language></language>
		<platform>all</platform>
		<license>GNU GENERAL PUBLIC LICENSE. Version 2, June 1991</license>
		<forum>https://www.kodinerds.net/index.php/Thread/55451-L0REs-Blog/</forum>
		<website>https://www.myspass.de</website>
		<email></email>
		<source>https://github.com/kodinerds/repo/tree/master/plugin.video.myspass_de</source>
		<assets>
			<icon>icon.png</icon>
			<fanart>fanart.jpg</fanart>
		</assets>
		<news>[B][COLOR orangered]Version 4.0.1  (30.09.2019)[/COLOR][/B] by realvito[CR]
- optimized: Script überarbeitet - unnötige Codeschnipsel entfernt
- fixed: Alle Videos werden NICHT abgespielt (Abhängigkeit -script.module.youtube.dl- entfernt)
- optimized: Für die ausgewählte Sendung wird entweder autom. Playliste oder Abspiellink erstellt (Qualität gibt es leider nicht besser)
- added: Addon kompatibel mit PYTHON-Vers.3 gemacht (für KODI-19+) :-)
		</news>
	</extension>
</addon>