<?xml version="1.0" encoding="UTF-8"?>
<window>
	<defaultcontrol always="true">50</defaultcontrol>
	<backgroundcolor>background</backgroundcolor>
	<views>50</views>
	<include content="PropertyIncludes">
		<param name="ShowHeader" value="true"/>
	</include>
	<controls>
		<control type="list" id="9000">
			<top>-100</top>
			<left>-100</left>
			<width>100</width>
			<height>100</height>
			<onup>noop</onup>
			<onleft>900</onleft>
			<onright>noop</onright>
			<ondown>50</ondown>
			<scrolltime>0</scrolltime>
			<orientation>horizontal</orientation>
			<itemlayout height="5" width="5"/>
			<focusedlayout height="5" width="5"/>
		</control>
		<control type="label" id="991">
			<include>HiddenObject</include>
		</control>
		<control type="label" id="999">
			<include>HiddenObject</include>
		</control>
		<control type="button" id="990">
			<include>HiddenObject</include>
		</control>
		<control type="button" id="2">
			<include>HiddenObject</include>
		</control>
		<!-- background -->
		<include>Background</include>
		<!-- hub -->
		<control id="50" type="panel">
			<include>Window_OpenClose</include>
			<width>auto</width>
			<height>1080</height>
			<onup>9000</onup>
			<ondown>noop</ondown>
			<onleft>900</onleft>
			<onright condition="Control.IsVisible(17)">17</onright>
			<onright>noop</onright>
			<scrolltime tween="sine" easing="out">400</scrolltime>
			<orientation>vertical</orientation>
			<preloaditems>4</preloaditems>
			<defaultcontrol always="true">0</defaultcontrol>
			<viewtype label="">panel</viewtype>
			<pagecontrol>17</pagecontrol>
			<!-- poster -->
			<itemlayout condition="Container.Content(movies) | Container.Content(tvshows) | Container.Content(seasons)" width="257" height="445">
				<control type="group">
					<left>70.5</left>
					<top>122</top>
					<include content="PosterLayout">
						<param name="mainlabel" value="$VAR[MainListLabel]" />
						<param name="sublabel" value="$VAR[SubListLabel]" />
						<param name="focused" value="false" />
						<param name="id" value="50" />
					</include>
				</control>
			</itemlayout>
			<focusedlayout condition="Container.Content(movies) | Container.Content(tvshows) | Container.Content(seasons)" width="257" height="445">
				<include content="SetPropertyOnFocus">
					<param name="id" value="50"/>
				</include>
				<control type="group">
					<left>70.5</left>
					<top>122</top>
					<include content="PosterLayout">
						<param name="mainlabel" value="$VAR[MainListLabel]" />
						<param name="sublabel" value="$VAR[SubListLabel]" />
						<param name="focused" value="true" />
						<param name="id" value="50" />
						<param name="visible_forced" value="true"/>
					</include>
				</control>
			</focusedlayout>
			<!-- square -->
			<itemlayout condition="Container.Content(livetv) | Container.Content(albums) | Container.Content(artists) | Container.Content(songs)" width="300" height="380">
				<control type="group">
					<left>70</left>
					<top>122</top>
					<include content="SquareLayout">
						<param name="mainlabel" value="$VAR[MainListLabel]" />
						<param name="sublabel" value="$INFO[ListItem.Property(Starttime)]$VAR[SubListLabel]" />
						<param name="focused" value="false" />
						<param name="id" value="50" />
					</include>
				</control>
			</itemlayout>
			<focusedlayout condition="Container.Content(livetv) | Container.Content(albums) | Container.Content(artists) | Container.Content(songs)" width="300" height="380">
				<include content="SetPropertyOnFocus">
					<param name="id" value="50"/>
				</include>
				<control type="group">
					<left>70</left>
					<top>122</top>
					<include content="SquareLayout">
						<param name="mainlabel" value="$VAR[MainListLabel]" />
						<param name="sublabel" value="$INFO[ListItem.Property(Starttime)]$VAR[SubListLabel]" />
						<param name="focused" value="true" />
						<param name="id" value="50" />
					</include>
				</control>
			</focusedlayout>
			<!-- wide -->
			<itemlayout condition="Container.Content(episodes)" width="444" height="365">
				<control type="group">
					<left>75</left>
					<top>122</top>
					<include content="LandscapeLayout">
						<param name="mainlabel" value="$VAR[MainListLabel]" />
						<param name="sublabel" value="$VAR[SubListLabel]" />
						<param name="sublabel2" value="$VAR[DurationMinutes]" />
						<param name="focused" value="false" />
						<param name="id" value="50" />
					</include>
				</control>
			</itemlayout>
			<focusedlayout condition="Container.Content(episodes)" width="444" height="365">
				<include content="SetPropertyOnFocus">
					<param name="id" value="50"/>
				</include>
				<control type="group">
					<left>75</left>
					<top>122</top>
					<include content="LandscapeLayout">
						<param name="mainlabel" value="$VAR[MainListLabel]" />
						<param name="sublabel" value="$VAR[SubListLabel]" />
						<param name="sublabel2" value="$VAR[DurationMinutes]" />
						<param name="focused" value="true" />
						<param name="id" value="50" />
					</include>
				</control>
			</focusedlayout>
			<itemlayout condition="Container.Content(musicvideos)" width="444" height="305">
				<control type="group">
					<left>75</left>
					<top>122</top>
					<include content="LandscapeLayout">
						<param name="mainlabel" value="$VAR[MainListLabel]" />
						<param name="sublabel" value="" />
						<param name="focused" value="false" />
						<param name="id" value="50" />
					</include>
				</control>
			</itemlayout>
			<focusedlayout condition="Container.Content(musicvideos)" width="444" height="305">
				<include content="SetPropertyOnFocus">
					<param name="id" value="50"/>
				</include>
				<control type="group">
					<left>75</left>
					<top>122</top>
					<include content="LandscapeLayout">
						<param name="mainlabel" value="$VAR[MainListLabel]" />
						<param name="sublabel" value="" />
						<param name="focused" value="true" />
						<param name="id" value="50" />
					</include>
				</control>
			</focusedlayout>
			<!-- persons -->
			<itemlayout condition="Container.Content(actors) | Container.Content(directors)" width="257" height="445">
				<control type="group">
					<left>70.5</left>
					<top>122</top>
					<include content="CastLayout">
						<param name="mainlabel" value="$VAR[MainListLabel]" />
						<param name="sublabel" value="$VAR[SubListLabel]" />
						<param name="focused" value="false" />
						<param name="id" value="50" />
					</include>
				</control>
			</itemlayout>
			<focusedlayout condition="Container.Content(actors) | Container.Content(directors)" width="257" height="445">
				<include content="SetPropertyOnFocus">
					<param name="id" value="50"/>
				</include>
				<control type="group">
					<left>70.5</left>
					<top>122</top>
					<include content="CastLayout">
						<param name="mainlabel" value="$VAR[MainListLabel]" />
						<param name="sublabel" value="$VAR[SubListLabel]" />
						<param name="focused" value="true" />
						<param name="id" value="50" />
						<param name="visible_forced" value="true"/>
					</include>
				</control>
			</focusedlayout>
		</control>
		<!-- scrollbar -->
		<include content="Scrollbar">
			<param name="onup" value="SetFocus(9000)"/>
		</include>
		<!-- header bar -->
		<include content="HeaderBar">
			<param name="id">50</param>
			<param name="sidebar_id">9999</param>
			<param name="content">HeaderGlobalsearch</param>
			<param name="enabled">false</param>
			<param name="custom_animation">Container(50).HasPrevious</param>
		</include>
		<!-- side panel -->
		<include content="SidePanel">
			<param name="onright">50</param>
		</include>
		<!-- busy spinner -->
		<include content="CustomBusySpinner">
			<param name="visible" value="!String.IsEmpty(Control.GetLabel(991))"/>
			<param name="label" value="$INFO[Window.Property(GlobalSearch.SearchString),$LOCALIZE[19133] ','[CR]]$INFO[Control.GetLabel(991),$LOCALIZE[194] ]"/>
		</include>
	</controls>
</window>