﻿<?xml version="1.0" encoding="utf-8" standalone="yes"?>
<addon id="plugin.video.L0RE.arte" name="ARTE.TV" version="0.5.8" provider-name="L0RE">
	<requires>
		<import addon="xbmc.python" version="2.24.0"/>
	</requires>
	<extension point="xbmc.python.pluginsource" library="default.py">
		<provides>video</provides>
	</extension>
	<extension point="xbmc.addon.metadata">
		<summary lang="de_DE">Videoportal von ARTE (DE/FR)</summary>
		<summary lang="en_GB">Videoportal of ARTE (DE/FR)</summary>
		<description lang="de_DE">Mediathek und Livestream - Schwerpunkte sind Kultur, Europa und die Vermittlung von Informationen aus vorzugsweise ungewöhnlichen Perspektiven.[CR]Die Programme des europäischen Kultursenders online auf "arte.tv"</description>
		<description lang="en_GB">Media library and Livestream - focus is Culture, Europe and the transmission of information from preferably unusual Perspectives.[CR]The programs of the European cultural channel online on "arte.tv".</description>
		<disclaimer lang="de_DE">Die von diesem Addon dargestellten Inhalte werden von den Erstellern des Addons weder gehostet oder verbreitet, noch stehen die Ersteller in irgendeiner Beziehung zu den Anbietern des Inhalts.</disclaimer>
		<disclaimer lang="en_GB">The author does not host or distribute any of the content displayed by this addon. The author does not have any affiliation with the content providers.</disclaimer>
		<language></language>
		<platform>all</platform>
		<license>GNU GENERAL PUBLIC LICENSE. Version 2, June 1991</license>
		<forum>https://www.kodinerds.net/index.php/Thread/55451-L0REs-Blog/</forum>
		<website>https://www.arte.tv/</website>
		<email></email>
		<source>https://github.com/kodinerds/repo/tree/master/plugin.video.L0RE.arte</source>
		<assets>
			<icon>icon.png</icon>
			<fanart>fanart.jpg</fanart>
		</assets>
		<news>[B][COLOR orangered]Version 0.5.8  (10.08.2019)[/COLOR][/B] by realvito[CR]
- added: Live + Event TV = ARTE Event 5
		</news>
	</extension>
</addon>