﻿<?xml version="1.0" encoding="utf-8" standalone="yes"?>
<addon id="plugin.video.tyl0re.dmax" name="DMAX Mediathek [COLOR FF00EE00](neu)[/COLOR]" version="2.1.1" provider-name="L0RE, realvito">
	<requires>
		<import addon="xbmc.python" version="2.25.0"/>
		<import addon="script.module.requests" version="2.20.0"/>
		<import addon="service.cron.autobiblio" version="2.0.4" optional="true"/>
	</requires>
	<extension point="xbmc.python.pluginsource" library="default.py">
		<provides>video</provides>
	</extension>
	<extension point="xbmc.addon.metadata">
		<summary lang="de_DE">DMAX Mediathek</summary>
		<summary lang="en_GB">DMAX Mediathek</summary>
		<description lang="de_DE">DMAX - der TV Sender. So läuft das hier ! Wann und wo du willst: Action, Abenteuer, Lifestyle. Echte Unterhaltung für echte Kerle. Nur auf dmax.de natürlich !</description>
		<description lang="en_GB">DMAX - the TV station. That's how it works here ! When and where you want: action, adventure, lifestyle. Real entertainment for real guys. Only on dmax.de of course !</description>
		<disclaimer lang="de_DE">Die von diesem Addon dargestellten Inhalte werden von den Erstellern des Addons weder gehostet oder verbreitet, noch stehen die Ersteller in irgendeiner Beziehung zu den Anbietern des Inhalts.</disclaimer>
		<disclaimer lang="en_GB">The author does not host or distribute any of the content displayed by this addon. The author does not have any affiliation with the content providers.</disclaimer>
		<language></language>
		<platform>all</platform>
		<license>GNU GENERAL PUBLIC LICENSE. Version 2, June 1991</license>
		<forum>https://www.kodinerds.net/index.php/Thread/55451-L0REs-Blog/</forum>
		<website>https://www.dmax.de</website>
		<email></email>
		<source>https://github.com/kodinerds/repo/tree/master/plugin.video.tyl0re.dmax</source>
		<assets>
			<icon>icon.png</icon>
			<fanart>fanart.jpg</fanart>
		</assets>
		<news>[B][COLOR orangered]Version 2.1.1  (25.02.2020)[/COLOR][/B] by realvito[CR]
- fixed: Fehler bei Eintrag in die Bibliothek, wenn im Titel bestimmte Zeichen enthalten sind
- optimized: URL-Abfrage jetzt umgestellt auf das etwas schnellere requests-modul
- optimized: Updatezyklus für Bibliothek jetzt unabhängig von Addonnutzung, da separater Hintergrund-Prozess
------------------------------------------------------------------------------------------------------------------------------------
[B][COLOR orangered]Version 2.1.0  (03.02.2020)[/COLOR][/B] by realvito[CR]
- Pluginname changed for KODI-compatibility (old=plugin.video.L0RE.dmax -> new=plugin.video.tyl0re.dmax)
- Bitte nach der Installation einmal STARTEN (um die eigenen Addon-Favoriten automatisch zu übertragen) !!!
		</news>
	</extension>
</addon>