<?xml version="1.0" encoding="utf-8" standalone="yes"?>
<addon id="plugin.video.galileo" name="Galileo" version="0.3.0" provider-name="dh4rry">
	<requires>
		<import addon="xbmc.python" version="2.24.0"/>
		<import addon="script.module.requests" version="2.12.4"/>
		<import addon="script.module.beautifulsoup4" version="4.3.2"/>
	</requires>
	<extension point="xbmc.python.pluginsource" library="default.py">
		<provides>video</provides>
	</extension>
	<extension point="xbmc.addon.metadata">
		<summary lang="de">Galileo</summary>
		<summary lang="en">Galileo</summary>
		<description lang="de">[COLOR red]- Addon DEFEKT.[CR]- Updates für dieses Addon vorerst eingestellt ![/COLOR]</description>
		<description lang="en">[COLOR red]- Addon DEFECTIVE.[CR]- Updates for this addon discontinued for the time being ![/COLOR]</description>
		<disclaimer lang="de">Die von diesem Addon dargestellten Inhalte werden von den Erstellern des Addons weder gehostet oder verbreitet, noch stehen die Ersteller in irgendeiner Beziehung zu den Anbietern des Inhalts.</disclaimer>
		<disclaimer lang="en">The author does not host or distribute any of the content displayed by this addon. The author does not have any affiliation with the content providers.</disclaimer>
		<language></language>
		<platform>all</platform>
		<license>GNU GENERAL PUBLIC LICENSE. Version 2, June 1991</license>
		<forum></forum>
		<website></website>
		<email></email>
		<source>https://github.com/kodinerds/repo/tree/master/plugin.video.galileo</source>
		<assets>
			<icon>icon.png</icon>
		</assets>
		<broken>
- Addon DEFEKT.[CR]- Updates für dieses Addon vorerst eingestellt !
		</broken>
		<news>[B][COLOR orangered]Version 0.3.0 (16.03.2020)[/COLOR][/B] by realvito[CR]
- Addon DEFEKT.[CR]- Updates für dieses Addon vorerst eingestellt !
		</news>
	</extension>
</addon>
