<?xml version="1.0" encoding="UTF-8" standalone="yes"?>
<addon id="plugin.video.ran_de" name="ran" version="2.3.2" provider-name="PUR3, L0RE, Linkinsoldier">
    <requires>
        <import addon="xbmc.python" version="2.1.0"/>
    </requires>
    <extension point="xbmc.python.pluginsource" library="default.py">
        <provides>video</provides>
    </extension>
    <extension point="xbmc.addon.metadata">
        <platform>all</platform>
        <summary lang="de">Livestreams und Videos von ran.de</summary>
        <summary lang="en">Livestreams and videos from ran.de</summary>
        <description lang="de">Dieses inoffizielle Addon ermöglicht es euch, die neusten Videos und Livestreams von ran.de in Kodi zu streamen.

Vielen Dank an dieser Stelle an ran.de für den guten Service, insb. ranNFL mit ReLive in HD mit raus geschnittener Werbung! </description>
        <description lang="en">This is an inofficial Addon and gives you the chance to stream livestreams and the latest videos from ran.de directly in Kodi.
        
Thank you ran.de for your great service, especially for providing ranNFL reLives with removed commercials in HD! </description>
    </extension>
</addon>
