<?xml version="1.0" encoding="UTF-8" standalone="yes"?>
<addon id="plugin.video.osmosis" name="OSMOSIS" version="1.3.8" provider-name="Stereodruid, Maven85, gismo112">
	<requires>
		<import addon="xbmc.python" version="2.1.0" />
		<import addon="script.module.simplejson" version="3.3.0" />
		<import addon="script.common.plugin.cache" version="2.5.2" />
		<import addon="script.module.myconnpy" version="1.1.7"/>
		<import addon="script.module.requests" version="2.18.4" />
		<import addon="script.module.kodi-six" version="0.1.0"/>
		<import addon="script.module.fuzzywuzzy" version="0.17.0"  optional="true"/>
	</requires>
	<extension point="xbmc.python.pluginsource" library="default.py">
		<provides>audio video</provides>
	</extension>
	<extension point="xbmc.service" library="service.py" start="startup" />
	<extension point="xbmc.addon.metadata">
		<summary lang="en_GB">Generates Strm files form streams that can be scraped to the library</summary>
		<description lang="en_GB">Generate Strm files from Kodi Plugins,that can be scraped to the library. Supported content: Movies, TV-Shows, Music.[CR]Special thanks goes to Kodinerds.net users: @breaksrmine, @Casablanca89, @Construktor, @ecazo, @Eigen, @Elux, @haltandcatchfire, @krani83, @Sagorian, @SirusX, @stereodruid, @willriker88, @XsupergurkeX[CR][CR]Attention: This addon uses the TVDb API (https://api.thetvdb.com) to search for episode data, if necessary.</description>
		<disclaimer lang="en_GB"></disclaimer>
		<summary lang="de_DE">Erstellt Strm-Dateien die mit einem Scraper zur Datenbank hinzugefügt werden können.</summary>
		<description lang="de_DE">Erstellt Strm-Dateien die von Kodi-Plugins bereitgestellt werden wie zB Youtube, die mit einem Scraper zur Datenbank hinzugefügt werden können. Unterstützte Formate: Serien, Filme und Musik.[CR]Vielen Dank an Kodinerds.net und speziell an die Mitglieder: @breaksrmine, @Casablanca89, @Construktor, @ecazo, @Eigen, @Elux, @haltandcatchfire, @krani83, @Sagorian, @SirusX, @stereodruid, @willriker88, @XsupergurkeX[CR][CR]Hinweis: Dieses Addon verwendet die TVDb API (https://api.thetvdb.com), um nach Episodendaten zu suchen, wenn nötig.</description>
		<disclaimer lang="de_DE"></disclaimer>
		<platform>all</platform>
		<license>GNU GENERAL PUBLIC LICENSE. Version 3</license>
		<forum>https://www.kodinerds.net/index.php/Thread/53307-Beta-Version-OSMOSIS-Streams-zur-DB-hinzuf%C3%BCgen/?postID=328166#post327429
		</forum>
		<website>https://www.youtube.com/channel/UCFC6pKk0cshN1sG15FEO5TQ</website>
		<email></email>
		<source>https://github.com/stereodruid/OSMOSIS</source>
		<news></news>
		<assets>
			<icon>resources/media/icon.png</icon>
			<fanart>resources/media/fanart.jpg</fanart>
			<screenshot>resources/media/fanart.jpg</screenshot>
		</assets>
		<language>en de</language>
		<reuselanguageinvoker>true</reuselanguageinvoker>
	</extension>
</addon>