﻿<?xml version="1.0" encoding="utf-8" standalone="yes"?>
<addon id="plugin.video.sporttotal" name="Sport-Total TV" version="1.0.5" provider-name="L0RE">
	<requires>
		<import addon="xbmc.python" version="2.25.0"/>
	</requires>
	<extension point="xbmc.python.pluginsource" library="default.py">
		<provides>video</provides>
	</extension>
	<extension point="xbmc.addon.metadata">
		<summary lang="de_DE">Regionalsport auf Sporttotal.tv</summary>
		<summary lang="en_GB">Regionalsport on Sporttotal.tv</summary>
		<description lang="de_DE">Sporttotal.tv zeigt Deutschlands Amateursport in voller Länge und Breite. Sporttotal.tv ist die kostenlose Plattform für live und on-demand Streaming von Fußball, Volleyball, Basketball, Eishockey und mehr ![CR]Hier wird Breitensport LIVE zu seinen Fans gebracht.</description>
		<description lang="en_GB">Sporttotal.tv shows Germany's amateur sport in full length and width. Sporttotal.tv is the free platform for live and on-demand streaming of football, volleyball, basketball, ice hockey and more ![CR]This is where Breitensport LIVE is brought to its fans.</description>
		<disclaimer lang="de_DE">Die von diesem Addon dargestellten Inhalte werden von den Erstellern des Addons weder gehostet oder verbreitet, noch stehen die Ersteller in irgendeiner Beziehung zu den Anbietern des Inhalts.</disclaimer>
		<disclaimer lang="en_GB">The author does not host or distribute any of the content displayed by this addon. The author does not have any affiliation with the content providers.</disclaimer>
		<language></language>
		<platform>all</platform>
		<license>GNU GENERAL PUBLIC LICENSE. Version 2, June 1991</license>
		<forum>https://www.kodinerds.net/index.php/Thread/55451-L0REs-Blog/</forum>
		<website>https://www.sporttotal.tv/</website>
		<email></email>
		<source>https://github.com/kodinerds/repo/tree/master/plugin.video.sporttotal</source>
		<assets>
			<icon>icon.png</icon>
			<fanart>fanart.jpg</fanart>
		</assets>
		<news>[B][COLOR orangered]Version 1.0.5  (03.02.2020)[/COLOR][/B] by realvito[CR]
- fixed: Addon lässt sich nicht öffnen und Fehler wird angezeigt
		</news>
	</extension>
</addon>