<?xml version="1.0" encoding="utf-8" standalone="yes"?>
<addon id="plugin.video.nasa" name="Nasa" version="2.0.5" provider-name="L0RE">
	<requires>
		<import addon="xbmc.python" version="2.14.0"/>
		<import addon="script.module.xbmcswift2" version="2.4.0"/>
		<import addon="script.module.beautifulsoup4" version="4.3.2"/>
	</requires>
	<extension point="xbmc.python.pluginsource" library="addon.py">
		<provides>video</provides>
	</extension>
	<extension point="xbmc.addon.metadata">
		<summary lang="de">Video Plug-In für Inhalte von nasa.gov</summary>
		<summary lang="en">Video plugin to access content from nasa.gov</summary>
		<description lang="de">[COLOR red]- Es existiert eine aktuellere Version.[CR]- Siehe: https://github.com/XBMC-Addons/plugin.video.nasa [CR]- Updates hier eingestellt ![/COLOR]</description>
		<description lang="en">[COLOR red]- A more recent version exists.[CR]- See: https://github.com/XBMC-Addons/plugin.video.nasa [CR]- Updates here discontinued ![/COLOR]</description>
		<disclaimer lang="de">Die von diesem Addon dargestellten Inhalte werden von den Erstellern des Addons weder gehostet oder verbreitet, noch stehen die Ersteller in irgendeiner Beziehung zu den Anbietern des Inhalts.</disclaimer>
		<disclaimer lang="en">The author does not host or distribute any of the content displayed by this addon. The author does not have any affiliation with the content providers.</disclaimer>
		<language></language>
		<platform>all</platform>
		<license>GNU GENERAL PUBLIC LICENSE. Version 2, June 1991</license>
		<forum>https://forum.kodi.tv/showthread.php?tid=123001</forum>
		<website>https://www.nasa.gov/</website>
		<email></email>
		<source>https://github.com/XBMC-Addons/plugin.video.nasa</source>
		<assets>
			<icon>icon.png</icon>
		</assets>
		<broken>
- Es existiert eine aktuellere Version.[CR]- Siehe: https://github.com/XBMC-Addons/plugin.video.nasa [CR]- Updates hier eingestellt !
		</broken>
		<news>[B][COLOR orangered]Version 2.0.5 (18.01.2020)[/COLOR][/B] by realvito[CR]
- Es existiert eine aktuellere Version.[CR]- Siehe: https://github.com/XBMC-Addons/plugin.video.nasa [CR]- Updates hier eingestellt !
		</news>
	</extension>
</addon>
