<?xml version="1.0" encoding="UTF-8" standalone="yes"?>
<addon id="repository.kodinerds" name="kodinerds.net Add-ons" version="6.0.19" provider-name="L0RE, Steffen Rolapp">
	<extension point="xbmc.addon.repository" name="L0RE">
		<dir>
			<info compressed="true">https://raw.githubusercontent.com/kodinerds/repo/master/addons.xml</info>
			<checksum>https://raw.githubusercontent.com/kodinerds/repo/master/addons.xml.md5</checksum>
			<datadir zip="true">https://raw.githubusercontent.com/kodinerds/repo/master/</datadir>
		</dir>
		<dir minversion="19.0.0">
			<info compressed="true">https://raw.githubusercontent.com/kodinerds/repo/matrix/addons.xml</info>
			<checksum>https://raw.githubusercontent.com/kodinerds/repo/matrix/addons.xml.md5</checksum>
			<datadir zip="true">https://raw.githubusercontent.com/kodinerds/repo/matrix/</datadir>
		</dir>						
	</extension>
	<extension point="xbmc.addon.metadata">
		<summary lang="en">Official Repository of Kodinerds</summary>
		<summary lang="de">Offizielles Repository der Kodinerds</summary>
		<description lang="en">This is the official Repository of the german Community 'Kodinerds' which you'll find at www.kodinerds.net. Most of the hosted Addons are supported by the members of the Community. Enjoy!</description>
		<description lang="de">Das ist das offizielle Repository der deutschen Community 'Kodinerds', welche Du unter www.kodinerds.net findest. Die meisten der hier gehosteten Addons werden von den Mitgliedern der Community aktiv supported. Viel Spaß!</description>
		<disclaimer></disclaimer>
		<platform>all</platform>
	</extension>
</addon>
