<?xml version="1.0" encoding="utf-8" standalone="yes"?>
<addon id="plugin.video.doku-stream.org" name="Doku-Stream.org" version="1.0.2" provider-name="itouch5000">
	<requires>
		<import addon="xbmc.python" version="2.24.0"/>
		<import addon="plugin.video.youtube" version="6.3.0"/>
		<import addon="script.module.requests" version="2.20.0"/>
		<import addon="script.module.beautifulsoup4" version="4.3.2"/>
		<import addon="script.module.html5lib" version="0.999.0"/>
	</requires>
	<extension point="xbmc.python.pluginsource" library="default.py">
		<provides>video</provides>
	</extension>
	<extension point="xbmc.addon.metadata">
		<summary lang="de">DokuStream - Dokumentationen</summary>
		<summary lang="en">DokuStream - documentaries</summary>
		<description lang="de">[COLOR red]- Addon-Support eingestellt ![CR]- Webseite abgeschaltet ![/COLOR]</description>
		<description lang="en">[COLOR red]- Addon-Support discontinued ![CR]- Website switched off ![/COLOR]</description>
		<disclaimer lang="de">Die von diesem Addon dargestellten Inhalte werden von den Erstellern des Addons weder gehostet oder verbreitet, noch stehen die Ersteller in irgendeiner Beziehung zu den Anbietern des Inhalts.</disclaimer>
		<disclaimer lang="en">The author does not host or distribute any of the content displayed by this addon. The author does not have any affiliation with the content providers.</disclaimer>
		<language></language>
		<platform>all</platform>
		<license>GPL 2.0</license>
		<forum></forum>
		<website></website>
		<email></email>
		<source>https://github.com/kodinerds/repo/tree/master/plugin.video.doku-stream.org</source>
		<assets>
			<icon>icon.png</icon>
		</assets>
		<broken>
- Addon-Support eingestellt ![CR]- Webseite abgeschaltet !
		</broken>
		<news>[B][COLOR orangered]Version 1.0.2 (25.01.2020)[/COLOR][/B] by realvito[CR]
- Addon-Support eingestellt ![CR]- Webseite abgeschaltet !
		</news>
	</extension>
</addon>
