﻿<?xml version="1.0" encoding="utf-8" standalone="yes"?>
<addon id="plugin.video.tyl0re.spiegeltv" name="SPIEGEL.TV [COLOR FF00EE00](neu)[/COLOR]" version="2.0.4" provider-name="L0RE, realvito">
	<requires>
		<import addon="xbmc.python" version="2.25.0"/>
		<import addon="plugin.video.youtube" version="6.3.0"/>
	</requires>
	<extension point="xbmc.python.pluginsource" library="default.py">
		<provides>video</provides>
	</extension>
	<extension point="xbmc.addon.metadata">
		<summary lang="de_DE">Online Nachrichten - 'DER SPIEGEL'</summary>
		<summary lang="en_GB">Online News - 'DER SPIEGEL'</summary>
		<description lang="de_DE">'DER SPIEGEL' zeichnet sich durch schnelles Reagieren auf aktuelle Ereignisse sowie sorgfältig recherchierte investigative Hintergrundgeschichten aus. Die Themen umfassen aktuelle deutsche und internationale Politik, Wirtschaft und Gesellschaft.[CR]Hier gibt es Reportagen und Dokus von 'DER SPIEGEL' aus den Bereichen Politik, Wirtschaft, Gesellschaft, Kultur, Sport, Technik und Wissenschaft.</description>
		<description lang="en_GB">'DER SPIEGEL' is characterized by fast reaction to current events as well as carefully researched background stories. The topics include current German and international politics, business and society.[CR]Here are reports and documentaries by 'DER SPIEGEL' in the fields of politics, economics, society, culture, sports, technology and science.</description>
		<disclaimer lang="de_DE">Die von diesem Addon dargestellten Inhalte werden von den Erstellern des Addons weder gehostet oder verbreitet, noch stehen die Ersteller in irgendeiner Beziehung zu den Anbietern des Inhalts.</disclaimer>
		<disclaimer lang="en_GB">The author does not host or distribute any of the content displayed by this addon. The author does not have any affiliation with the content providers.</disclaimer>
		<language></language>
		<platform>all</platform>
		<license>GNU GENERAL PUBLIC LICENSE. Version 2, June 1991</license>
		<forum>https://www.kodinerds.net/index.php/Thread/55451-L0REs-Blog/</forum>
		<website>https://www.spiegel.de/</website>
		<email></email>
		<source>https://github.com/kodinerds/repo/tree/master/plugin.video.tyl0re.spiegeltv</source>
		<assets>
			<icon>icon.png</icon>
			<fanart>fanart.jpg</fanart>
		</assets>
		<news>[B][COLOR orangered]Version 2.0.4  (20.03.2020)[/COLOR][/B] by realvito[CR]
- fixed: Addon neu aufgesetzt nach Webseiten -veränderung/-einstellung = jetzt 'DER SPIEGEL'
- added: YouTube Playlisten von 'DER SPIEGEL'
-------------------------------------------------------------------------------------------------------------------------------------
[B][COLOR orangered]Version 2.0.3  (03.02.2020)[/COLOR][/B] by realvito[CR]
- Pluginname changed for KODI-compatibility (old=plugin.video.L0RE.spiegeltv -> new=plugin.video.tyl0re.spiegeltv)
- fixed: Fehler der Webseite beseitigt = doppelte Videoeinträge herausgefiltert
- added: Addon kompatibel mit PYTHON-Vers.3 gemacht (für KODI-19+) :-)
		</news>
	</extension>
</addon>