﻿<?xml version="1.0" encoding="utf-8" standalone="yes"?>
<addon id="service.cron.autobiblio" name="Crontab für andere Addons [COLOR FF00EE00](neu)[/COLOR]" version="2.0.4" provider-name="L0RE, realvito">
	<requires>
		<import addon="xbmc.python" version="2.25.0"/>
	</requires>
	<extension point="xbmc.service" library="service.py" start="login"/>
	<extension point="xbmc.python.pluginsource" library="addon.py">
		<provides>executable</provides>
	</extension>
	<extension point="xbmc.addon.metadata">
		<summary lang="de_DE">Crontab - Aktionssteuerung</summary>
		<summary lang="en_GB">Crontab - Action control</summary>
		<description lang="de_DE">Ein Service um regelmäßig (Stunden/Tage) gespeicherte Aktionen (z.B. Aktualisierung der Addon-Medienbibliothek) in anderen Plugins aufzurufen.</description>
		<description lang="en_GB">A service to call regular (hours/days) stored actions (e.g. update the addon media library) in other plugins.</description>
		<disclaimer lang="de_DE">Die von diesem Addon dargestellten Inhalte werden von den Erstellern des Addons weder gehostet oder verbreitet, noch stehen die Ersteller in irgendeiner Beziehung zu den Anbietern des Inhalts.</disclaimer>
		<disclaimer lang="en_GB">The author does not host or distribute any of the content displayed by this addon. The author does not have any affiliation with the content providers.</disclaimer>
		<language></language>
		<platform>all</platform>
		<license>GNU GENERAL PUBLIC LICENSE. Version 2, June 1991</license>
		<forum>https://www.kodinerds.net/index.php/Thread/55451-L0REs-Blog/</forum>
		<website></website>
		<email></email>
		<source>https://github.com/kodinerds/repo/tree/master/service.cron.autobiblio</source>
		<assets>
			<icon>icon.png</icon>
		</assets>
		<news>[B][COLOR orangered]Version 2.0.4  (03.02.2020)[/COLOR][/B] by realvito[CR]
- Pluginname changed for KODI-compatibility (old=service.L0RE.cron -> new=service.cron.autobiblio)
- added: Addon kompatibel mit PYTHON-Vers.3 gemacht (für KODI-19+) :-)
		</news>
	</extension>
</addon>