﻿<?xml version="1.0" encoding="utf-8" standalone="yes"?>
<addon id="plugin.video.fernsehkritik_tv" name="Massengeschmack [COLOR FF00EE00](light)[/COLOR]" version="2.2.0" provider-name="L0RE">
	<requires>
		<import addon="xbmc.python" version="2.25.0"/>
		<import addon="script.module.requests" version="2.20.0"/>
		<import addon="plugin.video.youtube" version="6.3.0"/>
		<import addon="script.module.youtube.dl"/>
	</requires>
	<extension point="xbmc.python.pluginsource" library="default.py">
		<provides>video</provides>
	</extension>
	<extension point="xbmc.addon.metadata">
		<summary lang="de_DE">Das satirisch-kritische TV Magazin</summary>
		<summary lang="en_GB">The satirical-critical TV Magazin</summary>
		<description lang="de_DE">Am 5. August 2013 startete Massengeschmack mit den Magazinen Fernsehkritik-TV, Pantoffelkino (als Pantoffel-TV) und Pressesch(l)au. Fernsehkritik-TV und die neuen Formate wurden mit Start von Massengeschmack in dem neu gemieteten Alsterfilm-Studio in Hamburg-Wandsbek produziert.</description>
		<description lang="en_GB">On August 5, 2013 Massengeschmack started with the magazines Fernsehkritik-TV, Pantoffelkino (as Pantoffel-TV) and Pressesch(l)au. Fernsehkritik-TV and the new formats were produced with the start of Massengeschmack in the newly rented Alster film studio in Hamburg-Wandsbek.</description>
		<disclaimer lang="de_DE">Die von diesem Addon dargestellten Inhalte werden von den Erstellern des Addons weder gehostet oder verbreitet, noch stehen die Ersteller in irgendeiner Beziehung zu den Anbietern des Inhalts.</disclaimer>
		<disclaimer lang="en_GB">The author does not host or distribute any of the content displayed by this addon. The author does not have any affiliation with the content providers.</disclaimer>
		<language></language>
		<platform>all</platform>
		<license>GNU GENERAL PUBLIC LICENSE. Version 2, June 1991</license>
		<forum>https://www.kodinerds.net/index.php/Thread/55451-L0REs-Blog/</forum>
		<website>https://massengeschmack.tv</website>
		<email></email>
		<source>https://github.com/kodinerds/repo/tree/master/plugin.video.fernsehkritik_tv</source>
		<assets>
			<icon>icon.png</icon>
			<fanart>fanart.jpg</fanart>
		</assets>
		<news>[B][COLOR orangered]Version 2.2.0  (03.02.2020)[/COLOR][/B] by realvito[CR]
- fixed: Die Webseite wird nicht gelistet und Addon wirft Fehler aus
- fixed: Plot und Laufzeit werden nicht gelistet
- added: Viele Youtube-Playlisten der zugehörigen Webseite hinzugefügt
- added: Addon kompatibel mit PYTHON-Vers.3 gemacht (für KODI-19+) :-)
		</news>
	</extension>
</addon>